NroInt;Linea;CodAux;Fecha;CodBode;CodProd;CodiCC;CantDespachada;CantFacturada;CantIngresada;Tipo;TotLinea
10000002;1;10;02-02-2011 0:00;1;ACC01;;0;-1;0;N;-686260
3;1;79020000;22-01-2011 0:00;1;ACC01;;0;-1;0;N;-685148
10000001;2;DE002;02-02-2011 0:00;1;MPTP1;;0;-10;0;N;-86400
10000003;4;6;12-06-2021 0:00;1;PSM02;;0;-3;0;N;-84600
10000001;1;DE002;02-02-2011 0:00;1;MPTP3;;0;-8;0;N;-77120
10000003;1;6;12-06-2021 0:00;1;PSH01;;0;-1;0;N;-70200
10000003;3;6;12-06-2021 0:00;1;PSM01;;0;-2;0;N;-70200
10000002;2;10;02-02-2011 0:00;1;CHM01;;0;-2;0;N;-55760
4;2;10;04-02-2011 0:00;1;CHH02;;0;-2;0;N;-51900
10000003;2;6;12-06-2021 0:00;1;PSH02;;0;-1;0;N;-28200
2;1;8;21-01-2011 0:00;1;CAH02;;0;-2;0;N;-25060
6;1;2;20-03-2021 0:00;1;BUN01;;0;-2;0;N;-16800
6;2;2;20-03-2021 0:00;1;BUN02;;0;-1;0;N;-9500
7;1;7;22-03-2021 0:00;1;BUN03;;0;-1;0;N;-7500
1;1;12233966;21-01-2011 0:00;1;MPTA0;;0;-1;0;N;-2600
1;1;;01-01-2011 0:00;1;ACC01;;0;0;2;A;0
1;1;10;02-01-2011 0:00;1;ACC01;;2;0;0;R;0
1;2;;01-01-2011 0:00;1;ACC02;;0;0;3;A;0
1;2;10;02-01-2011 0:00;1;ACC02;;3;0;0;R;0
1;3;;01-01-2011 0:00;1;ACD01;;0;0;15;A;0
1;3;10;02-01-2011 0:00;1;ACD01;;10;0;0;R;0
1;4;;01-01-2011 0:00;1;ACD02;;0;0;5;A;0
1;4;10;02-01-2011 0:00;1;ACD02;;10;0;0;R;0
1;5;;01-01-2011 0:00;1;ACT01;;0;0;20;A;0
1;5;10;02-01-2011 0:00;1;ACT01;;15;0;0;R;0
1;6;;01-01-2011 0:00;1;ACU01;;0;0;1;A;0
1;7;;01-01-2011 0:00;1;CAH01;;0;0;39;A;0
1;8;;01-01-2011 0:00;1;CAH02;;0;0;15;A;0
1;9;;01-01-2011 0:00;1;CAM01;;0;0;32;A;0
1;10;;01-01-2011 0:00;1;CAM02;;0;0;25;A;0
1;11;;01-01-2011 0:00;1;CHH01;;0;0;28;A;0
1;12;;01-01-2011 0:00;1;CHH02;;0;0;12;A;0
1;13;;01-01-2011 0:00;1;CHM01;;0;0;10;A;0
1;14;;01-01-2011 0:00;1;CHM02;;0;0;10;A;0
1;15;;01-01-2011 0:00;1;MPBC0;;0;0;124;A;0
1;16;;01-01-2011 0:00;1;MPBC1;;0;0;100;A;0
1;17;;01-01-2011 0:00;1;MPBC2;;0;0;90;A;0
1;18;;01-01-2011 0:00;1;MPBC3;;0;0;100;A;0
1;19;;01-01-2011 0:00;1;MPBG0;;0;0;200;A;0
1;20;;01-01-2011 0:00;1;MPBM0;;0;0;120;A;0
1;21;;01-01-2011 0:00;1;MPBP0;;0;0;2000;A;0
1;22;;01-01-2011 0:00;1;MPBS0;;0;0;1000;A;0
1;23;;01-01-2011 0:00;1;MPCK0;;0;0;95;A;0
1;24;;01-01-2011 0:00;1;MPCP1;;0;0;400;A;0
1;25;;01-01-2011 0:00;1;MPCP2;;0;0;400;A;0
1;26;;01-01-2011 0:00;1;MPECP;;0;0;47;A;0
1;27;;01-01-2011 0:00;1;MPEFP;;0;0;92;A;0
1;28;;01-01-2011 0:00;1;MPHPD;;0;0;19;A;0
1;29;;01-01-2011 0:00;1;MPI01;;0;0;26;A;0
1;30;;01-01-2011 0:00;1;MPI02;;0;0;16;A;0
1;31;;01-01-2011 0:00;1;MPI03;;0;0;10;A;0
1;32;;01-01-2011 0:00;1;MPI04;;0;0;2;A;0
1;33;;01-01-2011 0:00;1;MPLA0;;0;0;6;A;0
1;34;;01-01-2011 0:00;1;MPLA1;;0;0;2;A;0
1;35;;01-01-2011 0:00;1;MPLA2;;0;0;1;A;0
1;36;;01-01-2011 0:00;1;MPLM0;;0;0;3;A;0
1;37;;01-01-2011 0:00;1;MPLM1;;0;0;1;A;0
1;38;;01-01-2011 0:00;1;MPLM2;;0;0;2;A;0
1;39;;01-01-2011 0:00;1;MPLM3;;0;0;1;A;0
1;40;;01-01-2011 0:00;1;MPOCH;;0;0;20;A;0
1;41;;01-01-2011 0:00;1;MPQM0;;0;0;18;A;0
1;42;;01-01-2011 0:00;1;MPRP1;;0;0;4;A;0
1;43;;01-01-2011 0:00;1;MPTA0;;0;0;19;A;0
1;44;;01-01-2011 0:00;1;MPTA1;;0;0;3;A;0
1;45;;01-01-2011 0:00;1;MPTA2;;0;0;1;A;0
1;46;;01-01-2011 0:00;1;MPTA3;;0;0;1;A;0
1;47;;01-01-2011 0:00;1;MPTBP;;0;0;4;A;0
1;48;;01-01-2011 0:00;1;MPTC0;;0;0;1;A;0
1;49;;01-01-2011 0:00;1;MPTC1;;0;0;1;A;0
1;50;;01-01-2011 0:00;1;MPTC2;;0;0;1;A;0
1;51;;01-01-2011 0:00;1;MPTC3;;0;0;1;A;0
1;52;;01-01-2011 0:00;1;MPTF0;;0;0;6;A;0
1;53;;01-01-2011 0:00;1;MPTK0;;0;0;2;A;0
1;54;;01-01-2011 0:00;1;MPTK1;;0;0;6;A;0
1;55;;01-01-2011 0:00;1;MPTK2;;0;0;1;A;0
1;56;;01-01-2011 0:00;1;MPTK3;;0;0;6;A;0
1;57;;01-01-2011 0:00;1;MPTP0;;0;0;7;A;0
1;58;;01-01-2011 0:00;1;MPTP1;;0;0;4;A;0
1;59;;01-01-2011 0:00;1;MPTP2;;0;0;5;A;0
1;60;;01-01-2011 0:00;1;MPTP3;;0;0;5;A;0
1;61;;01-01-2011 0:00;1;MPTT0;;0;0;2;A;0
1;62;;01-01-2011 0:00;1;MPTT1;;0;0;2;A;0
1;63;;01-01-2011 0:00;1;MPTT2;;0;0;2;A;0
1;64;;01-01-2011 0:00;1;MPTT3;;0;0;2;A;0
1;65;;01-01-2011 0:00;1;PAH01;;0;0;21;A;0
1;66;;01-01-2011 0:00;1;PAH02;;0;0;30;A;0
1;67;;01-01-2011 0:00;1;PAM01;;0;0;30;A;0
1;68;;01-01-2011 0:00;1;PAM02;;0;0;3;A;0
1;69;;01-01-2011 0:00;1;PSH01;;0;0;3;A;0
1;70;;01-01-2011 0:00;1;PSH02;;0;0;2;A;0
1;71;;01-01-2011 0:00;1;PSM01;;0;0;4;A;0
1;72;;01-01-2011 0:00;1;PSM02;;0;0;6;A;0
2;1;;01-01-2011 0:00;2;ACC01;;0;0;2;A;0
2;2;;01-01-2011 0:00;2;ACC02;;0;0;1;A;0
2;3;;01-01-2011 0:00;2;ACD01;;0;0;5;A;0
2;4;;01-01-2011 0:00;2;ACD02;;0;0;2;A;0
2;5;;01-01-2011 0:00;2;ACT01;;0;0;10;A;0
2;6;;01-01-2011 0:00;2;CAH01;;0;0;30;A;0
2;7;;01-01-2011 0:00;2;CAH02;;0;0;12;A;0
2;8;;01-01-2011 0:00;2;CAM01;;0;0;28;A;0
2;9;;01-01-2011 0:00;2;CAM02;;0;0;34;A;0
2;10;;01-01-2011 0:00;2;CHH01;;0;0;20;A;0
2;11;;01-01-2011 0:00;2;CHH02;;0;0;8;A;0
2;12;;01-01-2011 0:00;2;CHM01;;0;0;14;A;0
2;13;;01-01-2011 0:00;2;CHM02;;0;0;12;A;0
2;14;;01-01-2011 0:00;2;MPBC0;;0;0;100;A;0
2;15;;01-01-2011 0:00;2;MPBC1;;0;0;76;A;0
2;16;;01-01-2011 0:00;2;MPBC2;;0;0;73;A;0
2;17;;01-01-2011 0:00;2;MPBC3;;0;0;42;A;0
2;18;;01-01-2011 0:00;2;MPBG0;;0;0;141;A;0
2;19;;01-01-2011 0:00;2;MPBM0;;0;0;96;A;0
2;20;;01-01-2011 0:00;2;MPBP0;;0;0;571;A;0
2;21;;01-01-2011 0:00;2;MPBS0;;0;0;666;A;0
2;22;;01-01-2011 0:00;2;MPCK0;;0;0;68;A;0
2;23;;01-01-2011 0:00;2;MPCP1;;0;0;200;A;0
2;24;;01-01-2011 0:00;2;MPCP2;;0;0;204;A;0
2;25;;01-01-2011 0:00;2;MPECP;;0;0;100;A;0
2;26;;01-01-2011 0:00;2;MPEFP;;0;0;200;A;0
2;27;;01-01-2011 0:00;2;MPHPD;;0;0;20;A;0
2;28;;01-01-2011 0:00;2;MPI01;;0;0;20;A;0
2;29;;01-01-2011 0:00;2;MPI02;;0;0;20;A;0
2;30;;01-01-2011 0:00;2;MPI03;;0;0;10;A;0
2;31;;01-01-2011 0:00;2;MPI04;;0;0;1;A;0
2;32;;01-01-2011 0:00;2;MPLA0;;0;0;2;A;0
2;33;;01-01-2011 0:00;2;MPLA1;;0;0;1;A;0
2;34;;01-01-2011 0:00;2;MPLA2;;0;0;2;A;0
2;35;;01-01-2011 0:00;2;MPLM2;;0;0;1;A;0
2;36;;01-01-2011 0:00;2;MPLM3;;0;0;1;A;0
2;37;;01-01-2011 0:00;2;MPOCH;;0;0;13;A;0
2;38;;01-01-2011 0:00;2;MPQM0;;0;0;20;A;0
2;39;;01-01-2011 0:00;2;MPRP1;;0;0;3;A;0
2;40;;01-01-2011 0:00;2;MPTA0;;0;0;10;A;0
2;41;;01-01-2011 0:00;2;MPTA1;;0;0;1;A;0
2;42;;01-01-2011 0:00;2;MPTA2;;0;0;1;A;0
2;43;;01-01-2011 0:00;2;MPTA3;;0;0;1;A;0
2;44;;01-01-2011 0:00;2;MPTBP;;0;0;4;A;0
2;45;;01-01-2011 0:00;2;MPTF0;;0;0;4;A;0
2;46;;01-01-2011 0:00;2;MPTK0;;0;0;1;A;0
2;47;;01-01-2011 0:00;2;MPTK1;;0;0;5;A;0
2;48;;01-01-2011 0:00;2;MPTK3;;0;0;4;A;0
2;49;;01-01-2011 0:00;2;MPTP0;;0;0;5;A;0
2;50;;01-01-2011 0:00;2;MPTP1;;0;0;3;A;0
2;51;;01-01-2011 0:00;2;MPTP2;;0;0;2;A;0
2;52;;01-01-2011 0:00;2;MPTP3;;0;0;2;A;0
2;53;;01-01-2011 0:00;2;MPTT0;;0;0;2;A;0
2;54;;01-01-2011 0:00;2;MPTT1;;0;0;2;A;0
2;55;;01-01-2011 0:00;2;MPTT2;;0;0;2;A;0
2;56;;01-01-2011 0:00;2;MPTT3;;0;0;2;A;0
2;57;;01-01-2011 0:00;2;PAH01;;0;0;20;A;0
2;58;;01-01-2011 0:00;2;PAH02;;0;0;11;A;0
2;59;;01-01-2011 0:00;2;PAM01;;0;0;16;A;0
2;60;;01-01-2011 0:00;2;PAM02;;0;0;2;A;0
2;61;;01-01-2011 0:00;2;PSH01;;0;0;1;A;0
2;62;;01-01-2011 0:00;2;PSH02;;0;0;2;A;0
2;63;;01-01-2011 0:00;2;PSM01;;0;0;2;A;0
2;64;;01-01-2011 0:00;2;PSM02;;0;0;4;A;0
3;1;;02-01-2011 0:00;1;MPI01;7;1;0;0;R;0
3;2;;02-01-2011 0:00;1;MPI02;7;1;0;0;R;0
3;3;;02-01-2011 0:00;1;MPI03;7;2;0;0;R;0
4;1;10;02-01-2011 0:00;1;CAH01;;7;0;0;R;0
4;2;10;02-01-2011 0:00;1;CAH02;;10;0;0;R;0
4;3;10;02-01-2011 0:00;1;CAM01;;10;0;0;R;0
4;4;10;02-01-2011 0:00;1;CAM02;;10;0;0;R;0
6;1;;06-01-2011 0:00;1;ACC01;;3;0;0;S;0
6;2;;06-01-2011 0:00;1;ACD01;;50;0;0;S;0
6;3;;06-01-2011 0:00;1;ACT01;;40;0;0;S;0
6;4;;06-01-2011 0:00;1;ACU01;;1;0;0;S;0
6;5;;06-01-2011 0:00;1;CAH01;;30;0;0;S;0
6;6;;06-01-2011 0:00;1;CAM01;;50;0;0;S;0
6;7;;06-01-2011 0:00;1;CHH01;;68;0;0;S;0
6;8;;06-01-2011 0:00;1;CHM02;;70;0;0;S;0
6;9;;06-01-2011 0:00;1;MPBC0;;80;0;0;S;0
6;1;;20-01-2011 0:00;1;MPBC1;;10;0;0;R;0
6;2;;20-01-2011 0:00;1;MPBC2;;10;0;0;R;0
6;10;;06-01-2011 0:00;1;MPCK0;;45;0;0;S;0
6;11;;06-01-2011 0:00;1;MPECP;;27;0;0;S;0
6;12;;06-01-2011 0:00;1;MPHPD;;10;0;0;S;0
6;13;;06-01-2011 0:00;1;MPI01;;20;0;0;S;0
6;14;;06-01-2011 0:00;1;MPLA0;;5;0;0;S;0
6;15;;06-01-2011 0:00;1;MPTA0;;10;0;0;S;0
6;16;;06-01-2011 0:00;1;PAH01;;3;0;0;S;0
6;17;;06-01-2011 0:00;1;PAM01;;4;0;0;S;0
8;1;;19-01-2011 0:00;1;MPCP2;4;3;0;0;R;0
8;2;;19-01-2011 0:00;1;MPI03;4;4;0;0;R;0
10;1;10;25-01-2011 0:00;1;ACD01;;0;0;2;R;0
10;2;10;25-01-2011 0:00;1;ACT01;;0;0;5;R;0
10;3;10;25-01-2011 0:00;1;CAH01;;0;0;3;R;0
10;4;10;25-01-2011 0:00;1;CAM02;;0;0;2;R;0
17;1;;10-01-2021 0:00;1;MP101;6;4;0;0;R;0
17;2;;10-01-2021 0:00;1;MP102;6;1;0;0;R;0
18;2;;12-02-2021 0:00;1;MPA01;;4;0;0;R;0
18;1;;12-02-2021 0:00;1;MPBC2;;6;0;0;R;0
19;1;;02-02-2021 0:00;1;MPA01;4;3;0;0;R;0
20;1;;07-02-2021 0:00;1;CAH01;;3;0;0;R;0
21;2;;10-02-2021 0:00;1;CAH01;4;2;0;0;R;0
21;1;;10-02-2021 0:00;1;MP101;4;2;0;0;R;0
22;1;1;07-03-2021 0:00;1;RES01;;6;0;0;R;0
22;2;1;07-03-2021 0:00;1;RES02;;7;0;0;R;0
23;1;1;17-03-2021 0:00;1;RES01;;0;0;1;R;0
23;2;1;17-03-2021 0:00;1;RES02;;0;0;2;R;0
33;1;;20-01-2011 0:00;1;ACC01;;2;0;0;S;0
33;2;;20-01-2011 0:00;1;ACC02;;1;0;0;S;0
34;1;;06-02-2011 0:00;2;CAH01;;0;0;2;E;0
34;2;;06-02-2011 0:00;2;CAH02;;0;0;4;E;0
34;3;;06-02-2011 0:00;2;CAM01;;0;0;4;E;0
34;4;;06-02-2011 0:00;2;CAM02;;0;0;2;E;0
55;1;;04-02-2011 0:00;1;CAH01;;5;0;0;S;0
55;2;;04-02-2011 0:00;1;CAH02;;8;0;0;S;0
55;3;;04-02-2011 0:00;1;CAM01;;6;0;0;S;0
55;4;;04-02-2011 0:00;1;CAM02;;10;0;0;S;0
58;1;;26-01-2011 0:00;2;CAH01;;8;0;0;S;0
58;2;;26-01-2011 0:00;2;CAH02;;6;0;0;S;0
58;3;;26-01-2011 0:00;2;CAM01;;10;0;0;S;0
58;4;;26-01-2011 0:00;2;CAM02;;8;0;0;S;0
69;1;;05-12-2020 0:00;1;BUI01;;3;0;0;S;0
69;2;;05-12-2020 0:00;1;BUI02;;5;0;0;S;0
69;3;;05-12-2020 0:00;1;BUI03;;8;0;0;S;0
69;4;;05-12-2020 0:00;1;BUN01;;5;0;0;S;0
69;5;;05-12-2020 0:00;1;BUN02;;5;0;0;S;0
69;6;;05-12-2020 0:00;1;BUN03;;5;0;0;S;0
71;1;;16-12-2020 0:00;1;BUI01;;2;0;0;S;0
71;2;;16-12-2020 0:00;1;BUI01;;2;0;0;S;0
71;3;;16-12-2020 0:00;1;BUI01;;2;0;0;S;0
80;1;100;07-01-2021 0:00;1;MPA01;;0;0;20;E;0
80;2;100;07-01-2021 0:00;1;MPA02;;0;0;50;E;0
93;1;;24-01-2021 0:00;1;CAH01;;4;0;0;S;0
93;2;;24-01-2021 0:00;1;CAH02;;4;0;0;S;0
94;1;100;30-04-2021 0:00;1;ACC02;;0;0;10;E;0
97;1;;05-02-2021 0:00;1;CAH01;;4;0;0;S;0
103;1;;04-03-2021 0:00;1;MP101;;6;0;0;S;0
103;2;;04-03-2021 0:00;1;MP201;;4;0;0;S;0
10000002;5;50002;03-02-2011 0:00;1;ACD02;;0;0;1;E;0
10000002;2;50002;03-02-2011 0:00;1;ACD02;;0;0;20;E;0
10000002;3;50002;03-02-2011 0:00;1;ACT01;;0;0;25;E;0
10000002;4;50002;03-02-2011 0:00;1;CHH01;;0;0;10;E;0
10000024;2;;13-02-2011 0:00;1;ACC02;;2;2;0;B;0
10000031;1;;15-12-2020 0:00;1;BUI01;;5;5;0;B;0
10000031;1001;;15-12-2020 0:00;1;BUI03;;5;5;0;B;0
131;2;10100100;10-04-2021 0:00;1;12345;;1;0;0;S;1
10000002;1;50002;03-02-2011 0:00;1;12345;;0;0;1;E;1
111;1;9;15-10-2020 0:00;1;CAH01;;3;3;0;F;9
131;1;10100100;10-04-2021 0:00;1;ES0.7;;0.01;0;0;S;15
125;2;;24-03-2021 0:00;1;GS010;;0.06;0;0;S;40
10000005;2;20002;04-02-2011 0:00;1;MPBC0;;0;0;10;E;50
15;1;12233966;25-01-2011 0:00;1;MPBC0;;0;0;2;E;184
35;1;;21-01-2011 0:00;1;MPCP2;4;1;0;0;S;434
31;1;;05-02-2011 0:00;1;MPBC0;4;0;0;5;E;465
15;2;12233966;25-01-2011 0:00;1;MPBC1;;0;0;3;E;522
72;3;;06-01-2021 0:00;1;MPT03;;0.5;0;0;S;550
86;5;;15-01-2021 0:00;1;MPT03;;0.5;0;0;S;550
120;3;;01-03-2021 0:00;1;MPT03;;0.5;0;0;S;550
37;2;;27-01-2011 0:00;1;MPBC2;;2;0;0;S;622
37;1;;27-01-2011 0:00;1;MPBC1;;4;0;0;S;696
17;1;;23-01-2011 0:00;2;MPBC0;;5;5;0;B;750
10000018;2;DE002;03-02-2011 0:00;2;MPBC0;;5;5;0;B;750
54;1;12233966;04-02-2011 0:00;1;MPBC0;;10;0;0;S;920
10000001;1;60001;04-02-2011 0:00;1;ACC01;;1;0;0;S;1000
73;3;;08-01-2021 0:00;1;MPT03;;1;0;0;S;1100
74;3;;09-01-2021 0:00;1;MPT03;;1;0;0;S;1100
75;3;;09-01-2021 0:00;1;MPT03;;1;0;0;S;1100
79;3;;10-01-2021 0:00;1;MPT03;;1;0;0;S;1100
80;3;;10-01-2021 0:00;1;MPT03;;1;0;0;S;1100
119;3;;08-03-2021 0:00;1;MPT03;;1;0;0;S;1100
18;3;;26-01-2011 0:00;1;MPBC0;;0;0;12;E;1104
38;3;;26-01-2011 0:00;2;MPBC0;;12;0;0;S;1104
35;2;;21-01-2011 0:00;1;MPI03;4;1;0;0;S;1243
10000005;1;20002;04-02-2011 0:00;1;CHM01;;0;0;14;E;1400
35;1;6;14-02-2011 0:00;2;MPBC0;;0;10;0;F;1425
41;1;6;04-02-2011 0:00;2;MPBC0;;10;0;0;S;1425
10000010;1;;02-02-2011 0:00;1;MPBC0;;11;11;0;B;1650
19;1;12233966;25-01-2011 0:00;1;MPTA0;;0;0;1;E;1730
54;2;12233966;04-02-2011 0:00;1;MPBC1;;10;0;0;S;1740
31;2;;05-02-2011 0:00;1;MPBC1;4;0;0;10;E;1750
10000021;2;;03-02-2011 0:00;1;MPBC0;;12;12;0;B;1800
79;2;;10-01-2021 0:00;1;MPT02;;1;0;0;S;1850
10000004;3;50002;02-02-2011 0:00;1;MPCP1;;5;5;0;F;1900
128;2;10100100;30-04-2021 0:00;1;FLOIL;;1;0;0;S;2000
130;1;10100100;30-04-2021 0:00;1;FLOIL;;1;0;0;S;2000
10000001;2;50002;03-02-2011 0:00;1;ACM01;;0;0;1;E;2000
26;1;;04-02-2011 0:00;2;MPCK0;;1;1;0;B;2050
77;3;;10-01-2021 0:00;1;MPT03;;2;0;0;S;2200
78;3;;10-01-2021 0:00;1;MPT03;;2;0;0;S;2200
122;4;;28-03-2021 0:00;1;MPT03;;2;0;0;S;2200
2;1;;01-01-2011 0:00;1;MPBC0;;15;15;0;B;2250
25;1;;03-02-2011 0:00;2;MPBC0;;15;15;0;B;2250
31;1;;17-01-2011 0:00;1;MPI02;7;1;0;0;S;2496
79;1;;10-01-2021 0:00;1;MPT01;;1;0;0;S;2680
57;1;;05-02-2011 0:00;1;MPBC0;4;30;0;0;S;2790
57;2;;05-02-2011 0:00;1;MPBC1;4;30;0;0;S;2790
32;1;89277000;14-02-2011 0:00;1;MPBC0;;20;20;0;F;2850
51;1;8;14-02-2011 0:00;1;MPBC0;;20;20;0;F;2850
52;1;6;21-02-2011 0:00;1;MPBC0;;20;20;0;F;2860
36;5;8;14-02-2011 0:00;2;MPHPD;;0;4;0;F;2964
42;5;8;04-02-2011 0:00;2;MPHPD;;4;0;0;S;2964
18;1;;26-01-2011 0:00;1;MPBC2;;0;0;10;E;3110
38;1;;26-01-2011 0:00;2;MPBC2;;10;0;0;S;3110
29;7;1;05-02-2011 0:00;1;MPBP0;;0;0;100;E;3200
10;1;12288963;19-01-2011 0:00;1;ACM01;;0;0;100;E;3300
76;3;;09-01-2021 0:00;1;MPT03;;3;0;0;S;3300
125;1;;24-03-2021 0:00;1;BOGA1;;0.2;0;0;S;3415
10000008;3;;02-02-2011 0:00;1;MPBC0;;24;24;0;B;3600
72;2;;06-01-2021 0:00;1;MPT02;;2;0;0;S;3700
73;2;;08-01-2021 0:00;1;MPT02;;2;0;0;S;3700
74;2;;09-01-2021 0:00;1;MPT02;;2;0;0;S;3700
80;2;;10-01-2021 0:00;1;MPT02;;2;0;0;S;3700
86;4;;15-01-2021 0:00;1;MPT02;;2;0;0;S;3700
119;2;;08-03-2021 0:00;1;MPT02;;2;0;0;S;3700
120;2;;01-03-2021 0:00;1;MPT02;;2;0;0;S;3700
13;1;;17-01-2011 0:00;2;MPBC0;;25;25;0;B;3750
35;7;6;14-02-2011 0:00;2;MPBP0;;0;80;0;F;3952
41;7;6;04-02-2011 0:00;2;MPBP0;;80;0;0;S;3952
91;14;20;01-03-2021 0:00;1;ZZ202;;0;0;3;E;3999
18;1;;23-01-2011 0:00;2;MPCK0;;2;2;0;B;4100
17;2;1;25-01-2011 0:00;1;MPBP0;;0;0;100;E;4200
32;2;89277000;14-02-2011 0:00;1;MPBC1;;20;20;0;F;4370
51;2;8;14-02-2011 0:00;1;MPBC1;;20;20;0;F;4370
35;1;;05-02-2011 0:00;1;CAH01;;0;0;1;E;4385
125;3;;24-03-2021 0:00;1;GS023;;1.2;0;0;S;4553
51;5;8;14-02-2011 0:00;1;MPBG0;;20;20;0;F;4560
4;1;;06-01-2011 0:00;1;MPBC0;;50;0;0;S;4600
25;1;;06-01-2011 0:00;2;MPBC0;;0;0;50;E;4600
54;3;12233966;04-02-2011 0:00;1;MPBC2;;15;0;0;S;4665
17;2;;23-01-2011 0:00;2;MPOCH;;4;4;0;B;4800
54;4;12233966;04-02-2011 0:00;1;MPBC3;;12;0;0;S;5088
124;6;;23-03-2021 0:00;1;SO004;;3;0;0;S;5310
126;6;;30-03-2021 0:00;1;SO004;;3;0;0;S;5310
4;7;;06-01-2011 0:00;1;MPBP0;;150;0;0;S;5400
25;7;;06-01-2011 0:00;2;MPBP0;;0;0;150;E;5400
10000016;1;10004;03-02-2011 0:00;1;ACT01;;1;1;0;F;5812
10000022;2;2;03-02-2011 0:00;1;ACT01;;1;1;0;F;5812
23;1;;02-02-2011 0:00;2;MPOCH;;5;5;0;B;6000
85;1;DEMO MT;23-03-2021 0:00;1;AC001;;0;0;8;E;6000
18;2;;26-01-2011 0:00;1;MPBC3;;0;0;15;E;6360
38;2;;26-01-2011 0:00;2;MPBC3;;15;0;0;S;6360
35;2;6;14-02-2011 0:00;2;MPBC1;;0;30;0;F;6555
41;2;6;04-02-2011 0:00;2;MPBC1;;30;0;0;S;6555
52;2;6;21-02-2011 0:00;1;MPBC1;;30;30;0;F;6570
133;2;;23-04-2021 0:00;1;MPT03;;6;0;0;S;6600
35;5;6;14-02-2011 0:00;2;MPBG0;;0;30;0;F;6840
41;5;6;04-02-2011 0:00;2;MPBG0;;30;0;0;S;6840
52;3;6;21-02-2011 0:00;1;MPBC2;;0;15;0;F;6840
36;1;8;14-02-2011 0:00;2;MPCP1;;0;20;0;F;7220
42;1;8;04-02-2011 0:00;2;MPCP1;;20;0;0;S;7220
51;10;8;14-02-2011 0:00;1;MPCP1;;20;20;0;F;7220
10000015;1;60004;03-02-2011 0:00;1;ACD01;;1;1;0;F;7393
75;2;;09-01-2021 0:00;1;MPT02;;4;0;0;S;7400
76;2;;09-01-2021 0:00;1;MPT02;;4;0;0;S;7400
77;2;;10-01-2021 0:00;1;MPT02;;4;0;0;S;7400
78;2;;10-01-2021 0:00;1;MPT02;;4;0;0;S;7400
11;1;1;20-01-2011 0:00;1;MPBC1;;0;0;50;E;7450
7;1;;03-01-2011 0:00;2;MPBC0;;50;50;0;B;7500
124;1;;23-03-2021 0:00;1;AC001;;10;0;0;S;7500
127;2;;30-03-2021 0:00;1;AC001;;10;0;0;S;7500
91;15;20;01-03-2021 0:00;1;ZZ203;;0;0;4;E;7960
80;1;;10-01-2021 0:00;1;MPT01;;3;0;0;S;8040
10000001;1;50001;02-02-2011 0:00;1;CAH01;;1;1;0;F;8560
10000009;1;20002;02-02-2011 0:00;1;CAH01;;1;1;0;F;8560
32;5;89277000;14-02-2011 0:00;1;MPBG0;;20;40;0;F;9120
45;3;8;18-02-2011 0:00;2;MPBC2;;0;20;0;F;9120
51;3;8;14-02-2011 0:00;1;MPBC2;;20;20;0;F;9120
52;3;8;10-02-2011 0:00;2;MPBC2;;20;0;0;S;9120
57;3;;05-02-2011 0:00;1;MPBC2;4;30;0;0;S;9330
29;1;1;05-02-2011 0:00;1;MPBC0;;0;0;100;E;9500
10000012;1;50002;02-02-2011 0:00;1;ACD02;;1;1;0;F;9502
51;7;8;14-02-2011 0:00;1;MPBP0;;200;200;0;F;9880
91;16;20;01-03-2021 0:00;1;ZZ205;;0;0;10;E;10000
95;1;1;30-04-2021 0:00;1;CAH01;;0;0;1;E;10000
124;4;;23-03-2021 0:00;1;MAH01;;10;0;0;S;10000
129;1;10100100;30-04-2021 0:00;1;PCA01;;1;0;0;S;10000
10000001;2;60001;04-02-2011 0:00;1;ACT01;;2;0;0;S;10000
13;1;12288963;20-01-2011 0:00;1;MPQM0;;0;0;20;E;10080
10000004;2;50002;02-02-2011 0:00;1;MPCP2;;15;15;0;F;10200
45;4;8;18-02-2011 0:00;2;MPBC3;;0;20;0;F;10830
51;4;8;14-02-2011 0:00;1;MPBC3;;20;20;0;F;10830
52;4;8;10-02-2011 0:00;2;MPBC3;;20;0;0;S;10830
122;3;;28-03-2021 0:00;1;MPT02;;6;0;0;S;11100
11;2;1;20-01-2011 0:00;1;MPBP0;;0;0;300;E;11700
4;8;;06-01-2011 0:00;1;MPBS0;;100;0;0;S;12100
25;8;;06-01-2011 0:00;2;MPBS0;;0;0;100;E;12100
53;1;105;08-11-2020 0:00;1;MPA01;;0;0;3;E;12300
10000040;1;;10-01-2021 0:00;1;MP201;;4;4;0;B;12400
16;1;9;04-07-2020 0:00;1;MP101;;5;0;0;R;12500
29;8;1;05-02-2011 0:00;1;MPBS0;;0;0;100;E;12500
76;1;9;15-07-2020 0:00;1;MP101;;5;5;0;F;12500
10000039;1;;10-01-2021 0:00;1;MP101;;5;5;0;B;12500
10000016;2;10004;03-02-2011 0:00;1;CAH02;;1;1;0;F;12530
57;4;;05-02-2011 0:00;1;MPBC3;4;30;0;0;S;12750
17;1;1;25-01-2011 0:00;1;CAH01;;0;0;2;E;12900
3;1;4;10-01-2011 0:00;2;MPTA0;;0;5;0;F;13000
8;1;12233966;14-01-2011 0:00;2;MPTA0;;0;5;0;F;13000
11;1;4;07-01-2011 0:00;2;MPTA0;;5;0;0;S;13000
17;1;12233966;09-01-2011 0:00;2;MPTA0;;5;0;0;S;13000
10000019;1;4;03-02-2011 0:00;1;MPTA0;;0;5;0;F;13000
3;6;4;10-01-2011 0:00;2;MPTF0;;0;4;0;F;13250
11;6;4;07-01-2011 0:00;2;MPTF0;;4;0;0;S;13250
16;9;4;17-01-2011 0:00;1;MPTF0;;0;1;0;F;13250
22;9;4;11-01-2011 0:00;1;MPTF0;;1;0;0;S;13250
10000017;1;VE005;03-02-2011 0:00;1;MPBM0;;15;15;0;F;13250
10000019;10;4;03-02-2011 0:00;1;MPTF0;;0;5;0;F;13250
10000011;5;50002;02-02-2011 0:00;2;CHH01;;1;1;0;F;13490
10000016;3;10004;03-02-2011 0:00;1;CHH01;;1;1;0;F;13490
10000038;3;5;22-03-2021 0:00;1;CHH01;;1;1;0;F;13490
126;1;;30-03-2021 0:00;1;AC001;;18;0;0;S;13500
127;1;;30-03-2021 0:00;1;AC001;;18;0;0;S;13500
96;1;;26-01-2021 0:00;1;BUN01;7;2;0;0;S;13593
91;13;20;01-03-2021 0:00;1;ZZ201;;0;0;12;E;14400
65;6;1;25-06-2020 0:00;1;BUN03;;2;2;0;F;15000
94;6;2;04-09-2020 0:00;1;BUN03;;2;2;0;F;15000
111;3;9;15-10-2020 0:00;1;MP101;;6;6;0;F;15000
126;4;DEMO MT;30-03-2021 0:00;1;MAH01;;15;0;0;S;15000
127;5;;30-03-2021 0:00;1;MAH01;;15;0;0;S;15000
152;1;4;10-01-2021 0:00;1;MP101;;6;6;0;F;15000
10000023;6;1;01-10-2020 0:00;1;BUN03;;2;2;0;F;15000
10000027;6;1;02-11-2020 0:00;1;BUN03;;2;2;0;F;15000
91;2;20;01-03-2021 0:00;1;GA010;;0;0;123;E;15129
35;8;6;14-02-2011 0:00;2;MPBS0;;0;95;0;F;15162
41;8;6;04-02-2011 0:00;2;MPBS0;;95;0;0;S;15162
10000041;1;;10-01-2021 0:00;1;MP201;;5;5;0;B;15500
99;1;100;08-02-2021 0:00;1;BUI01;;2;0;0;S;15600
72;1;;06-01-2021 0:00;1;MPT01;;6;0;0;S;16080
86;3;;15-01-2021 0:00;1;MPT01;;6;0;0;S;16080
120;1;;01-03-2021 0:00;1;MPT01;;6;0;0;S;16080
91;6;20;01-03-2021 0:00;1;ZZ102;;0;0;36;E;16272
95;1;;25-01-2021 0:00;1;BUI01;4;2;0;0;S;16286
104;1;;06-03-2021 0:00;1;MP201;;7;0;0;S;16735
65;4;1;25-06-2020 0:00;1;BUN01;;2;2;0;F;16800
94;4;2;04-09-2020 0:00;1;BUN01;;2;2;0;F;16800
10000023;4;1;01-10-2020 0:00;1;BUN01;;2;2;0;F;16800
10000027;4;1;02-11-2020 0:00;1;BUN01;;2;2;0;F;16800
10000045;1;;09-02-2021 0:00;1;BUN01;;2;2;0;B;16800
51;6;8;14-02-2011 0:00;1;MPBM0;;20;20;0;F;16910
124;7;;23-03-2021 0:00;1;SO013;;9;0;0;S;16929
127;8;;30-03-2021 0:00;1;SO013;;9;0;0;S;16929
10000018;1;79020000;03-02-2011 0:00;1;MPLM3;;1;1;0;F;16990
53;2;105;08-11-2020 0:00;1;MPA02;;0;0;3;E;17100
32;1;89277000;20-01-2011 0:00;1;CAH01;;2;0;0;S;17120
56;1;12233966;05-02-2011 0:00;1;CAH01;;2;0;0;S;17120
96;1;5;10-09-2020 0:00;1;CAH01;;2;2;0;F;17120
100;2;1;15-02-2021 0:00;1;CAH01;;2;0;0;S;17120
107;1;5;04-10-2020 0:00;1;CAH01;;2;2;0;F;17120
117;4;1;05-12-2020 0:00;1;CAH01;;2;2;0;F;17120
10000023;1;1;01-10-2020 0:00;1;CAH01;;2;2;0;F;17120
10000026;1;4;04-10-2020 0:00;1;CAH01;;2;2;0;F;17120
10000027;1;1;02-11-2020 0:00;1;CAH01;;2;2;0;F;17120
10000038;1;5;22-03-2021 0:00;1;CAH01;;2;2;0;F;17120
10000017;3;VE005;03-02-2011 0:00;1;MPI02;;5;5;0;F;17250
10000016;5;10004;03-02-2011 0:00;1;CAM02;;1;1;0;F;17270
5;1;;06-01-2011 0:00;1;MPTA0;;10;0;0;S;17300
26;1;;06-01-2011 0:00;2;MPTA0;;0;0;10;E;17300
32;1;10;05-02-2011 0:00;1;CHH01;;0;0;2;E;17402
4;2;;06-01-2011 0:00;1;MPBC1;;100;0;0;S;17500
16;2;9;04-07-2020 0:00;1;MP102;;5;0;0;R;17500
25;2;;06-01-2011 0:00;2;MPBC1;;0;0;100;E;17500
76;2;9;15-07-2020 0:00;1;MP102;;5;5;0;F;17500
159;2;7;15-01-2021 0:00;1;MP101;;7;7;0;F;17500
29;2;1;05-02-2011 0:00;1;MPBC1;;0;0;100;E;18100
104;2;;06-03-2021 0:00;1;MP202;;6;0;0;S;18225
32;3;89277000;14-02-2011 0:00;1;MPBC2;;20;40;0;F;18240
65;3;1;25-06-2020 0:00;1;BUI03;;2;2;0;F;18400
10000024;5;2;02-10-2020 0:00;1;BUI03;;2;2;0;F;18400
10000028;6;2;02-11-2020 0:00;1;BUI03;;2;2;0;F;18400
90;3;9;20-08-2020 0:00;1;MP201;;6;6;0;F;18600
94;1;;24-01-2021 0:00;1;CAH01;6;3;0;0;S;18625
9;2;3;14-01-2011 0:00;2;MPCP1;;0;50;0;F;19000
19;2;3;09-01-2011 0:00;2;MPCP1;;50;0;0;S;19000
65;5;1;25-06-2020 0:00;1;BUN02;;2;2;0;F;19000
94;5;2;04-09-2020 0:00;1;BUN02;;2;2;0;F;19000
10000023;5;1;01-10-2020 0:00;1;BUN02;;2;2;0;F;19000
10000027;5;1;02-11-2020 0:00;1;BUN02;;2;2;0;F;19000
10000030;2;;10-12-2020 0:00;1;BUN02;;2;2;0;B;19000
20;1;8;25-01-2011 0:00;1;CAH02;;0;0;2;E;19232
51;9;8;14-02-2011 0:00;1;MPCK0;;10;10;0;F;19475
1;7;1;02-01-2011 0:00;1;MPBC0;;0;0;200;E;20000
68;1;6;04-06-2020 0:00;1;MP101;;8;8;0;F;20000
89;4;8;15-08-2020 0:00;1;MP101;;8;8;0;F;20000
91;5;1;25-08-2020 0:00;1;MPA01;;4;4;0;F;20000
92;5;2;20-08-2020 0:00;1;MP101;;8;8;0;F;20000
101;1;2;20-02-2021 0:00;1;MP101;;8;0;0;S;20000
158;1;6;15-01-2021 0:00;1;MP101;;8;8;0;F;20000
10000040;2;;10-01-2021 0:00;1;MP202;;5;5;0;B;20000
10000041;2;;10-01-2021 0:00;1;MP202;;5;5;0;B;20000
10000017;2;VE005;03-02-2011 0:00;1;MPTC0;;1.2;1.2;0;F;20160
70;5;1;15-12-2020 0:00;1;BUI01;;2;0;0;S;20400
115;1;4;10-03-2021 0:00;2;BUI01;;2;0;0;S;20400
184;1;1;07-03-2021 0:00;1;BUI01;;2;2;0;F;20400
10000024;3;2;02-10-2020 0:00;1;BUI01;;2;2;0;F;20400
10000028;4;2;02-11-2020 0:00;1;BUI01;;2;2;0;F;20400
9;1;;11-01-2011 0:00;2;MPCK0;;10;10;0;B;20500
16;1;;21-01-2011 0:00;2;MPCK0;;10;10;0;B;20500
10000004;1;50002;02-02-2011 0:00;1;MPCK0;;10;10;0;F;20500
53;3;105;08-11-2020 0:00;1;MPA03;;0;0;3;E;20700
4;5;;06-01-2011 0:00;1;MPBG0;;100;0;0;S;20900
25;5;;06-01-2011 0:00;2;MPBG0;;0;0;100;E;20900
52;1;104;07-11-2020 0:00;1;MP101;;0;0;10;E;21000
111;4;9;15-10-2020 0:00;1;MP102;;6;6;0;F;21000
152;2;4;10-01-2021 0:00;1;MP102;;6;6;0;F;21000
29;5;1;05-02-2011 0:00;1;MPBG0;;0;0;100;E;21200
74;1;;09-01-2021 0:00;1;MPT01;;8;0;0;S;21440
119;1;;08-03-2021 0:00;1;MPT01;;8;0;0;S;21440
32;4;89277000;14-02-2011 0:00;1;MPBC3;;20;40;0;F;21660
52;4;6;21-02-2011 0:00;1;MPBC3;;0;40;0;F;21680
3;5;4;10-01-2011 0:00;2;MPTBP;;0;4;0;F;22500
11;5;4;07-01-2011 0:00;2;MPTBP;;4;0;0;S;22500
15;2;12233966;17-01-2011 0:00;1;MPTBP;;0;15;0;F;22500
16;4;4;17-01-2011 0:00;1;MPTBP;;0;11;0;F;22500
22;4;4;11-01-2011 0:00;1;MPTBP;;11;0;0;S;22500
24;2;12233966;11-01-2011 0:00;1;MPTBP;;15;0;0;S;22500
84;3;2;05-08-2020 0:00;1;BUN03;;3;3;0;F;22500
10000019;5;4;03-02-2011 0:00;1;MPTBP;;0;15;0;F;22500
91;11;20;01-03-2021 0:00;1;ZZ107;;0;0;5;E;22775
35;3;6;14-02-2011 0:00;2;MPBC2;;0;50;0;F;22800
41;3;6;04-02-2011 0:00;2;MPBC2;;50;0;0;S;22800
9;4;3;14-01-2011 0:00;2;MPECP;;0;50;0;F;23500
19;4;3;09-01-2011 0:00;2;MPECP;;50;0;0;S;23500
31;2;6;14-02-2011 0:00;1;CAH02;;2;2;0;F;23807
90;4;9;20-08-2020 0:00;1;MP202;;6;6;0;F;24000
91;1;20;01-03-2021 0:00;1;AHMCO;;0;0;155;E;24025
73;1;;08-01-2021 0:00;1;MPT01;;9;0;0;S;24120
94;2;;24-01-2021 0:00;1;CAH02;6;3;0;0;S;24726
68;3;6;04-06-2020 0:00;1;MP201;;8;8;0;F;24800
92;7;2;20-08-2020 0:00;1;MP201;;8;8;0;F;24800
64;1;8;04-06-2020 0:00;1;MPA01;;5;5;0;F;25000
65;2;1;25-06-2020 0:00;1;BUI02;;2;2;0;F;25000
82;1;100;31-03-2021 0:00;1;SUST1;;0;0;100;E;25000
99;3;8;15-09-2020 0:00;1;MP101;;10;10;0;F;25000
101;5;1;25-09-2020 0:00;1;MPA01;;5;5;0;F;25000
102;1;3;03-03-2021 0:00;1;MP101;;10;0;0;S;25000
115;2;4;10-03-2021 0:00;2;BUI02;;2;0;0;S;25000
120;1;4;10-12-2020 0:00;1;MP101;;10;10;0;F;25000
10000024;4;2;02-10-2020 0:00;1;BUI02;;2;2;0;F;25000
10000028;5;2;02-11-2020 0:00;1;BUI02;;2;2;0;F;25000
10000031;2;9;02-11-2020 0:00;1;MP101;;10;10;0;F;25000
96;2;5;10-09-2020 0:00;1;CAH02;;2;2;0;F;25060
107;2;5;04-10-2020 0:00;1;CAH02;;2;2;0;F;25060
10000003;1;50002;02-02-2011 0:00;1;CAH02;;2;2;0;F;25060
10000011;2;50002;02-02-2011 0:00;2;CAH02;;2;2;0;F;25060
10000033;2;1;12-03-2021 0:00;1;CAH02;;2;2;0;F;25060
12;1;80002000;20-01-2011 0:00;1;MPHPD;;0;0;50;E;25100
84;1;2;05-08-2020 0:00;1;BUN01;;3;3;0;F;25200
10000033;1;;05-01-2021 0:00;1;BUN01;;3;3;0;B;25200
117;2;;25-03-2021 0:00;1;MPCA;;10;0;0;S;25500
10000003;1;60001;14-02-2011 0:00;1;ACM01;;0;0;1;E;25626
124;3;;23-03-2021 0:00;1;DIS12;;3;0;0;S;25629
126;3;;30-03-2021 0:00;1;DIS12;;3;0;0;S;25629
84;4;2;05-08-2020 0:00;1;CAH01;;3;3;0;F;25680
106;1;4;04-10-2020 0:00;1;CAH01;;3;3;0;F;25680
108;2;1;05-02-2021 0:00;2;CAH01;;3;0;0;S;25680
109;1;7;10-10-2020 0:00;1;CAH01;;3;3;0;F;25680
10000028;1;2;02-11-2020 0:00;1;CAH01;;3;3;0;F;25680
10000030;1;8;05-11-2020 0:00;1;CAH01;;3;3;0;F;25680
36;2;8;14-02-2011 0:00;2;MPCP2;;0;40;0;F;25840
42;2;8;04-02-2011 0:00;2;MPCP2;;40;0;0;S;25840
51;11;8;14-02-2011 0:00;1;MPCP2;;40;40;0;F;25840
5;2;;06-01-2011 0:00;1;MPTA1;;10;0;0;S;26390
26;2;;06-01-2011 0:00;2;MPTA1;;0;0;10;E;26390
91;12;20;01-03-2021 0:00;1;ZZ108;;0;0;41;E;26814
2;3;3;10-01-2011 0:00;2;MPI03;;0;10;0;F;26850
10;3;3;07-01-2011 0:00;2;MPI03;;10;0;0;S;26850
22;3;8;19-01-2011 0:00;1;MPI03;;0;15;0;F;26850
26;3;8;12-01-2011 0:00;1;MPI03;;15;0;0;S;26850
113;2;6;03-03-2021 0:00;2;CHH01;;2;0;0;S;26980
114;1;5;06-03-2021 0:00;2;CHH01;;2;0;0;S;26980
10000023;3;1;01-10-2020 0:00;1;CHH01;;2;2;0;F;26980
10000037;1;6;22-03-2021 0:00;1;CHH01;;2;2;0;F;26980
10000004;2;60001;04-02-2011 0:00;1;CHH02;;0;0;5;E;27500
10000016;4;10004;03-02-2011 0:00;1;CHM01;;1;1;0;F;27880
107;2;6;15-03-2021 0:00;1;MP201;;9;0;0;S;27900
91;10;20;01-03-2021 0:00;1;ZZ106;;0;0;36;E;27972
68;2;6;04-06-2020 0:00;1;MP102;;8;8;0;F;28000
89;5;8;15-08-2020 0:00;1;MP102;;8;8;0;F;28000
91;6;1;25-08-2020 0:00;1;MPA02;;4;4;0;F;28000
92;6;2;20-08-2020 0:00;1;MP102;;8;8;0;F;28000
102;2;3;03-03-2021 0:00;1;MP102;;8;0;0;S;28000
139;2;9;31-12-2020 0:00;1;MPA02;;4;4;0;F;28000
158;2;6;15-01-2021 0:00;1;MP102;;8;8;0;F;28000
6;2;6;10-01-2011 0:00;2;PSH02;;0;1;0;F;28200
13;2;6;07-01-2011 0:00;2;PSH02;;1;0;0;S;28200
20;2;5;19-01-2011 0:00;2;PSM02;;0;1;0;F;28200
28;2;5;12-01-2011 0:00;2;PSM02;;1;0;0;S;28200
84;2;2;05-08-2020 0:00;1;BUN02;;3;3;0;F;28500
96;3;5;10-09-2020 0:00;1;CAM01;;2;2;0;F;28680
107;3;5;04-10-2020 0:00;1;CAM01;;2;2;0;F;28680
109;1;9;08-02-2021 0:00;2;CAM01;;2;0;0;S;28680
113;1;1;10-11-2020 0:00;1;CAM01;;2;2;0;F;28680
10000011;4;50002;02-02-2011 0:00;2;CAM01;;2;2;0;F;28680
52;2;104;07-11-2020 0:00;1;MP102;;0;0;10;E;29000
58;3;2;04-06-2020 0:00;1;BUN03;;4;4;0;F;30000
128;1;10100100;30-04-2021 0:00;1;OIL01;;1.5;0;0;S;30000
130;2;10100100;30-04-2021 0:00;1;OIL01;;1.5;0;0;S;30000
136;2;6;31-12-2020 0:00;1;BUN03;;4;4;0;F;30000
139;1;9;31-12-2020 0:00;1;MPA01;;6;6;0;F;30000
70;4;1;15-12-2020 0:00;1;BUI01;;3;0;0;S;30600
108;1;1;05-02-2021 0:00;2;BUI01;;3;0;0;S;30600
116;1;2;15-03-2021 0:00;2;BUI01;;3;0;0;S;30600
134;1;4;31-12-2020 0:00;1;BUI01;;3;3;0;F;30600
10000032;1;1;02-02-2021 0:00;1;BUI01;;3;3;0;F;30600
10000037;1;;10-01-2021 0:00;1;BUI01;;3;3;0;B;30600
10000046;1;;10-02-2021 0:00;1;BUI01;;3;3;0;B;30600
3;1;;02-01-2011 0:00;1;MPCK0;;15;15;0;B;30750
9;1;3;14-01-2011 0:00;2;MPCK0;;0;15;0;F;30750
19;1;3;09-01-2011 0:00;2;MPCK0;;15;0;0;S;30750
100;5;9;20-09-2020 0:00;1;MP201;;10;10;0;F;31000
112;3;1;10-10-2020 0:00;1;MP201;;10;10;0;F;31000
120;3;4;10-12-2020 0:00;1;MP201;;10;10;0;F;31000
10000031;4;9;02-11-2020 0:00;1;MP201;;10;10;0;F;31000
29;3;1;05-02-2011 0:00;1;MPBC2;;0;0;100;E;31500
51;8;8;14-02-2011 0:00;1;MPBS0;;200;200;0;F;31920
68;4;6;04-06-2020 0:00;1;MP202;;8;8;0;F;32000
92;8;2;20-08-2020 0:00;1;MP202;;8;8;0;F;32000
75;1;;09-01-2021 0:00;1;MPT01;;12;0;0;S;32160
49;1;2;09-02-2011 0:00;1;CAH01;;4;4;0;F;32528
91;9;20;01-03-2021 0:00;1;ZZ105;;0;0;33;E;32967
286;1;100;30-04-2021 0:00;1;AC001;;5;5;0;F;33500
15;2;5;04-07-2020 0:00;1;BUN01;;4;0;0;R;33600
41;18;20;28-02-2011 0:00;1;BUN01;;0;0;5;E;33600
58;1;2;04-06-2020 0:00;1;BUN01;;4;4;0;F;33600
77;2;5;04-07-2020 0:00;1;BUN01;;4;4;0;F;33600
135;2;5;31-12-2020 0:00;1;BUN01;;4;4;0;F;33600
10000030;1;;10-12-2020 0:00;1;BUN01;;4;4;0;B;33600
9;3;3;14-01-2011 0:00;2;MPCP2;;0;50;0;F;34000
19;3;3;09-01-2011 0:00;2;MPCP2;;50;0;0;S;34000
36;6;10;27-01-2011 0:00;1;CAH01;;4;0;0;S;34240
47;1;2;18-02-2011 0:00;1;CAH01;;0;4;0;F;34240
84;1;1;08-12-2020 0:00;1;CAH01;;4;0;0;S;34240
85;1;3;05-08-2020 0:00;1;CAH01;;4;4;0;F;34240
89;1;8;15-08-2020 0:00;1;CAH01;;4;4;0;F;34240
95;1;3;04-09-2020 0:00;1;CAH01;;4;4;0;F;34240
97;1;6;10-09-2020 0:00;1;CAH01;;4;4;0;F;34240
98;1;7;10-09-2020 0:00;1;CAH01;;4;4;0;F;34240
101;1;1;25-09-2020 0:00;1;CAH01;;4;4;0;F;34240
108;1;6;04-10-2020 0:00;1;CAH01;;4;4;0;F;34240
112;1;1;10-10-2020 0:00;1;CAH01;;4;4;0;F;34240
113;1;6;03-03-2021 0:00;2;CAH01;;4;0;0;S;34240
10000025;1;3;05-10-2020 0:00;1;CAH01;;4;4;0;F;34240
10000031;1;9;02-11-2020 0:00;1;CAH01;;4;4;0;F;34240
10000033;1;1;12-03-2021 0:00;1;CAH01;;4;4;0;F;34240
10000013;4;DE002;02-02-2011 0:00;1;MPTT3;;5;5;0;F;34450
96;4;5;10-09-2020 0:00;1;CAM02;;2;2;0;F;34540
107;4;5;04-10-2020 0:00;1;CAM02;;2;2;0;F;34540
113;2;1;10-11-2020 0:00;1;CAM02;;2;2;0;F;34540
110;2;8;10-10-2020 0:00;1;PAH01;;2;2;0;F;34980
117;5;1;05-12-2020 0:00;1;PAH01;;2;2;0;F;34980
10000023;2;1;01-10-2020 0:00;1;PAH01;;2;2;0;F;34980
10000026;2;4;04-10-2020 0:00;1;PAH01;;2;2;0;F;34980
10000027;2;1;02-11-2020 0:00;1;PAH01;;2;2;0;F;34980
64;2;8;04-06-2020 0:00;1;MPA02;;5;5;0;F;35000
99;4;8;15-09-2020 0:00;1;MP102;;10;10;0;F;35000
101;6;1;25-09-2020 0:00;1;MPA02;;5;5;0;F;35000
120;2;4;10-12-2020 0:00;1;MP102;;10;10;0;F;35000
10000004;3;60001;04-02-2011 0:00;1;CAH02;;0;0;10;E;35000
10000031;3;9;02-11-2020 0:00;1;MP102;;10;10;0;F;35000
11;1;;15-01-2011 0:00;1;PSH01;;1;1;0;B;35100
9;5;3;14-01-2011 0:00;2;MPEFP;;0;60;0;F;35400
19;5;3;09-01-2011 0:00;2;MPEFP;;60;0;0;S;35400
9;10;12288963;06-01-2011 0:00;1;MPTF0;;0;0;30;E;36000
89;1;102;21-01-2021 0:00;1;BUN03;;5;0;0;S;36250
50;3;102;04-11-2020 0:00;1;BUN03;;0;0;6;E;36600
36;3;10;27-01-2011 0:00;1;ACD01;;5;0;0;S;36720
3;4;4;10-01-2011 0:00;2;MPTA3;;0;1;0;F;36800
11;4;4;07-01-2011 0:00;2;MPTA3;;1;0;0;S;36800
16;3;4;17-01-2011 0:00;1;MPTA3;;0;7;0;F;36800
22;3;4;11-01-2011 0:00;1;MPTA3;;7;0;0;S;36800
83;9;1;05-08-2020 0:00;1;BUI03;;4;4;0;F;36800
100;1;1;15-02-2021 0:00;1;BUI03;;4;0;0;S;36800
135;1;5;31-12-2020 0:00;1;BUI03;;4;4;0;F;36800
10000019;4;4;03-02-2011 0:00;1;MPTA3;;0;8;0;F;36800
5;3;;06-01-2011 0:00;1;MPI03;;30;0;0;S;37290
26;3;;06-01-2011 0:00;2;MPI03;;0;0;30;E;37290
2;1;3;10-01-2011 0:00;2;MPI01;;0;15;0;F;37500
10;1;3;07-01-2011 0:00;2;MPI01;;15;0;0;S;37500
14;1;8;16-01-2011 0:00;2;MPI01;;0;5;0;F;37500
20;1;8;10-01-2011 0:00;2;MPI01;;5;0;0;S;37500
22;1;8;19-01-2011 0:00;1;MPI01;;0;10;0;F;37500
26;1;8;12-01-2011 0:00;1;MPI01;;10;0;0;S;37500
63;1;7;04-06-2020 0:00;1;MP101;;15;15;0;F;37500
70;6;8;28-06-2020 0:00;1;BUN03;;5;5;0;F;37500
113;3;1;10-11-2020 0:00;1;MP101;;15;15;0;F;37500
134;2;4;31-12-2020 0:00;1;BUI02;;3;3;0;F;37500
154;1;2;12-01-2021 0:00;1;MP101;;15;15;0;F;37500
10000032;2;1;02-02-2021 0:00;1;BUI02;;3;3;0;F;37500
10000047;1;;10-02-2021 0:00;1;BUI02;;3;3;0;B;37500
32;2;89277000;20-01-2011 0:00;1;CAH02;;3;0;0;S;37590
84;5;2;05-08-2020 0:00;1;CAH02;;3;3;0;F;37590
106;2;4;04-10-2020 0:00;1;CAH02;;3;3;0;F;37590
109;2;7;10-10-2020 0:00;1;CAH02;;3;3;0;F;37590
10000038;2;5;22-03-2021 0:00;1;CAH02;;3;3;0;F;37590
58;2;2;04-06-2020 0:00;1;BUN02;;4;4;0;F;38000
9;5;12288963;06-01-2011 0:00;1;MPTBP;;0;0;30;E;38040
100;6;9;20-09-2020 0:00;1;MP202;;10;10;0;F;40000
112;4;1;10-10-2020 0:00;1;MP202;;10;10;0;F;40000
115;3;3;02-11-2020 0:00;1;MPA01;;8;8;0;F;40000
120;4;4;10-12-2020 0:00;1;MP202;;10;10;0;F;40000
129;1;4;28-12-2020 0:00;1;MP101;;16;16;0;F;40000
140;1;1;31-12-2020 0:00;1;MPA01;;8;8;0;F;40000
10000031;5;9;02-11-2020 0:00;1;MP202;;10;10;0;F;40000
110;1;8;10-02-2021 0:00;2;CHH01;;3;0;0;S;40470
10000028;2;2;02-11-2020 0:00;1;CHH01;;3;3;0;F;40470
15;1;5;04-07-2020 0:00;1;BUI01;;4;0;0;R;40800
65;1;1;25-06-2020 0:00;1;BUI01;;4;4;0;F;40800
70;3;1;15-12-2020 0:00;1;BUI01;;4;0;0;S;40800
77;1;5;04-07-2020 0:00;1;BUI01;;4;4;0;F;40800
83;7;1;05-08-2020 0:00;1;BUI01;;4;4;0;F;40800
32;2;10;05-02-2011 0:00;1;CHH02;;0;0;2;E;40874
10000026;3;4;04-10-2020 0:00;1;PAH02;;2;2;0;F;40900
10000027;3;1;02-11-2020 0:00;1;PAH02;;2;2;0;F;40900
50;1;102;04-11-2020 0:00;1;BUN01;;0;0;6;E;40920
36;5;10;27-01-2011 0:00;1;ACT01;;7;0;0;S;41097
3;15;4;10-01-2011 0:00;2;MPTT1;;0;2;0;F;41340
3;16;4;10-01-2011 0:00;2;MPTT2;;0;2;0;F;41340
11;15;4;07-01-2011 0:00;2;MPTT1;;2;0;0;S;41340
11;16;4;07-01-2011 0:00;2;MPTT2;;2;0;0;S;41340
16;19;4;17-01-2011 0:00;1;MPTT1;;0;4;0;F;41340
16;20;4;17-01-2011 0:00;1;MPTT2;;0;4;0;F;41340
22;19;4;11-01-2011 0:00;1;MPTT1;;4;0;0;S;41340
22;20;4;11-01-2011 0:00;1;MPTT2;;4;0;0;S;41340
10000019;20;4;03-02-2011 0:00;1;MPTT1;;0;6;0;F;41340
10000019;21;4;03-02-2011 0:00;1;MPTT2;;0;6;0;F;41340
3;3;4;10-01-2011 0:00;2;MPTA2;;0;1;0;F;42000
11;3;4;07-01-2011 0:00;2;MPTA2;;1;0;0;S;42000
16;2;4;17-01-2011 0:00;1;MPTA2;;0;9;0;F;42000
22;2;4;11-01-2011 0:00;1;MPTA2;;9;0;0;S;42000
68;1;103;06-03-2021 0:00;1;CHH01;;0;0;5;E;42000
70;4;8;28-06-2020 0:00;1;BUN01;;5;5;0;F;42000
140;2;1;31-12-2020 0:00;1;MPA02;;6;6;0;F;42000
10000019;3;4;03-02-2011 0:00;1;MPTA2;;0;10;0;F;42000
10;4;12288963;19-01-2011 0:00;1;ACD02;;0;0;5;E;42150
64;3;8;04-06-2020 0:00;1;MPA03;;5;5;0;F;42500
101;7;1;25-09-2020 0:00;1;MPA03;;5;5;0;F;42500
139;3;9;31-12-2020 0:00;1;MPA03;;5;5;0;F;42500
29;4;1;05-02-2011 0:00;1;MPBC3;;0;0;100;E;42700
62;1;1;31-08-2020 0:00;1;CAH01;;5;0;0;S;42800
78;1;1;04-07-2020 0:00;1;CAH01;;0;5;0;F;42800
83;1;1;05-08-2020 0:00;1;CAH01;;5;5;0;F;42800
86;1;4;10-08-2020 0:00;1;CAH01;;5;5;0;F;42800
88;1;7;15-08-2020 0:00;1;CAH01;;5;5;0;F;42800
90;1;9;20-08-2020 0:00;1;CAH01;;5;5;0;F;42800
92;1;3;24-01-2021 0:00;1;CAH01;;5;0;0;S;42800
93;1;1;04-09-2020 0:00;1;CAH01;;5;5;0;F;42800
99;1;8;15-09-2020 0:00;1;CAH01;;5;5;0;F;42800
102;1;2;25-09-2020 0:00;1;CAH01;;5;5;0;F;42800
103;1;5;25-09-2020 0:00;1;CAH01;;5;5;0;F;42800
104;1;1;04-10-2020 0:00;1;CAH01;;5;5;0;F;42800
105;1;4;10-03-2021 0:00;1;CAH01;;5;0;0;S;42800
105;1;2;04-10-2020 0:00;1;CAH01;;5;5;0;F;42800
110;1;8;10-10-2020 0:00;1;CAH01;;5;5;0;F;42800
115;1;3;02-11-2020 0:00;1;CAH01;;5;5;0;F;42800
10000011;1;50002;02-02-2011 0:00;2;CAH01;;5;5;0;F;42800
10000024;1;2;02-10-2020 0:00;1;CAH01;;5;5;0;F;42800
77;1;;10-01-2021 0:00;1;MPT01;;16;0;0;S;42880
78;1;;10-01-2021 0:00;1;MPT01;;16;0;0;S;42880
85;1;2;09-12-2020 0:00;1;CAM01;;3;0;0;S;43020
106;3;4;04-10-2020 0:00;1;CAM01;;3;3;0;F;43020
10000011;3;50002;02-02-2011 0:00;2;CAM01;;3;3;0;F;43020
90;3;;22-01-2021 0:00;1;BUI03;;6;0;0;S;44179
133;1;;23-04-2021 0:00;1;MPT02;;24;0;0;S;44400
69;1;7;04-06-2020 0:00;1;MPA01;;9;9;0;F;45000
90;1;20;01-04-2021 0:00;1;ES0.7;;0;0;30;E;45000
105;7;2;04-10-2020 0:00;1;BUN03;;6;6;0;F;45000
14;3;2;04-07-2020 0:00;1;BUI03;;5;0;0;R;46000
15;1;12233966;17-01-2011 0:00;1;MPTA3;;0;10;0;F;46000
24;1;12233966;11-01-2011 0:00;1;MPTA3;;10;0;0;S;46000
70;3;8;28-06-2020 0:00;1;BUI03;;5;5;0;F;46000
93;7;1;04-09-2020 0:00;1;BUI03;;5;5;0;F;46000
102;5;2;25-09-2020 0:00;1;BUI03;;5;5;0;F;46000
104;7;1;04-10-2020 0:00;1;BUI03;;5;5;0;F;46000
126;3;1;28-12-2020 0:00;1;BUI03;;5;5;0;F;46000
50;2;102;04-11-2020 0:00;1;BUN02;;0;0;6;E;46200
6;1;80002000;04-01-2011 0:00;1;MPECP;;0;0;150;E;46500
113;5;1;10-11-2020 0:00;1;MP201;;15;15;0;F;46500
4;3;;06-01-2011 0:00;1;MPBC2;;150;0;0;S;46650
25;3;;06-01-2011 0:00;2;MPBC2;;0;0;150;E;46650
70;5;8;28-06-2020 0:00;1;BUN02;;5;5;0;F;47500
98;1;;06-02-2021 0:00;1;BUN01;;7;0;0;S;47574
79;1;100;07-03-2021 0:00;1;RES01;;0;0;60;E;48000
76;1;;09-01-2021 0:00;1;MPT01;;18;0;0;S;48240
2;4;3;10-01-2011 0:00;2;MPI04;;0;1;0;F;48750
10;4;3;07-01-2011 0:00;2;MPI04;;1;0;0;S;48750
22;4;8;19-01-2011 0:00;1;MPI04;;0;15;0;F;48750
26;4;8;12-01-2011 0:00;1;MPI04;;15;0;0;S;48750
90;1;;22-01-2021 0:00;1;BUI01;;6;0;0;S;48859
72;2;101;15-02-2021 0:00;1;PAH02;;0;0;5;E;49000
4;7;1;03-01-2011 0:00;1;MPBP0;;0;0;1300;E;49400
129;3;4;28-12-2020 0:00;1;MP201;;16;16;0;F;49600
4;8;1;03-01-2011 0:00;1;MPBS0;;0;0;400;E;50000
83;8;1;05-08-2020 0:00;1;BUI02;;4;4;0;F;50000
112;5;1;10-10-2020 0:00;1;MPA01;;10;10;0;F;50000
116;2;2;15-03-2021 0:00;2;BUI02;;4;0;0;S;50000
177;2;7;08-03-2021 0:00;1;BUI02;;4;4;0;F;50000
47;2;2;18-02-2011 0:00;1;CAH02;;0;4;0;F;50120
56;2;12233966;05-02-2011 0:00;1;CAH02;;4;0;0;S;50120
89;2;8;15-08-2020 0:00;1;CAH02;;4;4;0;F;50120
95;2;3;04-09-2020 0:00;1;CAH02;;4;4;0;F;50120
97;2;6;10-09-2020 0:00;1;CAH02;;4;4;0;F;50120
101;2;1;25-09-2020 0:00;1;CAH02;;4;4;0;F;50120
108;2;6;04-10-2020 0:00;1;CAH02;;4;4;0;F;50120
105;5;2;04-10-2020 0:00;1;BUN01;;6;6;0;F;50400
14;1;2;04-07-2020 0:00;1;BUI01;;5;0;0;R;51000
57;1;1;20-06-2020 0:00;1;BUI01;;5;5;0;F;51000
70;1;8;28-06-2020 0:00;1;BUI01;;5;5;0;F;51000
87;1;1;20-01-2021 0:00;1;BUI01;;5;0;0;S;51000
93;5;1;04-09-2020 0:00;1;BUI01;;5;5;0;F;51000
102;3;2;25-09-2020 0:00;1;BUI01;;5;5;0;F;51000
104;5;1;04-10-2020 0:00;1;BUI01;;5;5;0;F;51000
126;1;1;28-12-2020 0:00;1;BUI01;;5;5;0;F;51000
4;6;;06-01-2011 0:00;1;MPBM0;;100;0;0;S;51300
25;6;;06-01-2011 0:00;2;MPBM0;;0;0;100;E;51300
92;1;2;20-08-2020 0:00;1;CAH01;;6;6;0;F;51360
100;1;9;20-09-2020 0:00;1;CAH01;;6;6;0;F;51360
91;7;20;01-03-2021 0:00;1;ZZ103;;0;0;155;E;51615
29;6;1;05-02-2011 0:00;1;MPBM0;;0;0;100;E;51700
2;2;3;10-01-2011 0:00;2;MPI02;;0;15;0;F;51750
10;2;3;07-01-2011 0:00;2;MPI02;;15;0;0;S;51750
14;2;8;16-01-2011 0:00;2;MPI02;;0;5;0;F;51750
20;2;8;10-01-2011 0:00;2;MPI02;;5;0;0;S;51750
22;2;8;19-01-2011 0:00;1;MPI02;;0;10;0;F;51750
26;2;8;12-01-2011 0:00;1;MPI02;;10;0;0;S;51750
106;4;4;04-10-2020 0:00;1;CAM02;;3;3;0;F;51810
109;2;9;08-02-2021 0:00;2;CAM02;;3;0;0;S;51810
112;1;7;20-02-2021 0:00;2;CAM02;;3;0;0;S;51810
22;2;;02-02-2011 0:00;1;CHH02;;2;2;0;B;51900
24;2;;03-02-2011 0:00;1;CHH02;;2;2;0;B;51900
31;2;;07-02-2011 0:00;1;CHH02;;2;2;0;B;51900
39;2;89277000;16-02-2011 0:00;2;MPLA2;;0;5;0;F;52155
46;2;89277000;07-02-2011 0:00;2;MPLA2;;5;0;0;S;52155
9;1;12288963;06-01-2011 0:00;1;MPTA0;;0;0;30;E;52200
106;1;5;12-03-2021 0:00;1;PAH01;;3;0;0;S;52470
106;5;4;04-10-2020 0:00;1;PAH01;;3;3;0;F;52470
109;3;7;10-10-2020 0:00;1;PAH01;;3;3;0;F;52470
111;2;9;15-10-2020 0:00;1;PAH01;;3;3;0;F;52470
63;2;7;04-06-2020 0:00;1;MP102;;15;15;0;F;52500
113;4;1;10-11-2020 0:00;1;MP102;;15;15;0;F;52500
154;2;2;12-01-2021 0:00;1;MP102;;15;15;0;F;52500
7;3;12233966;06-01-2011 0:00;1;CHM01;;2;0;0;S;52972
47;5;2;18-02-2011 0:00;1;CHH01;;0;4;0;F;53960
85;3;3;05-08-2020 0:00;1;CHH01;;4;4;0;F;53960
101;3;1;25-09-2020 0:00;1;CHH01;;4;4;0;F;53960
107;1;6;15-03-2021 0:00;1;CHH01;;4;0;0;S;53960
10000025;2;3;05-10-2020 0:00;1;CHH01;;4;4;0;F;53960
31;3;6;14-02-2011 0:00;1;CAM01;;4;4;0;F;54492
10000005;2;10;02-02-2011 0:00;1;CHM01;;2;2;0;F;55760
10000005;3;10;02-02-2011 0:00;1;CHM01;;2;2;0;F;55760
115;4;3;02-11-2020 0:00;1;MPA02;;8;8;0;F;56000
129;2;4;28-12-2020 0:00;1;MP102;;16;16;0;F;56000
20;1;5;19-01-2011 0:00;2;PSH02;;0;1;0;F;56400
28;1;5;12-01-2011 0:00;2;PSH02;;1;0;0;S;56400
36;4;10;27-01-2011 0:00;1;ACD02;;6;0;0;S;56640
105;6;2;04-10-2020 0:00;1;BUN02;;6;6;0;F;57000
136;1;6;31-12-2020 0:00;1;BUN02;;6;6;0;F;57000
16;12;4;17-01-2011 0:00;1;MPTK2;;0;5;0;F;57300
22;12;4;11-01-2011 0:00;1;MPTK2;;5;0;0;S;57300
10000019;13;4;03-02-2011 0:00;1;MPTK2;;0;5;0;F;57300
105;3;2;04-10-2020 0:00;1;CAM01;;4;4;0;F;57360
108;3;6;04-10-2020 0:00;1;CAM01;;4;4;0;F;57360
10000035;1;3;17-03-2021 0:00;1;CAM01;;4;4;0;F;57360
3;2;4;10-01-2011 0:00;2;MPTA1;;0;1;0;F;57750
11;2;4;07-01-2011 0:00;2;MPTA1;;1;0;0;S;57750
16;1;4;17-01-2011 0:00;1;MPTA1;;0;14;0;F;57750
22;1;4;11-01-2011 0:00;1;MPTA1;;14;0;0;S;57750
10000019;2;4;03-02-2011 0:00;1;MPTA1;;0;15;0;F;57750
124;5;;23-03-2021 0:00;1;MM005;;6;0;0;S;58620
126;5;;30-03-2021 0:00;1;MM005;;6;0;0;S;58620
127;7;;30-03-2021 0:00;1;MM005;;6;0;0;S;58620
10000007;3;60004;02-02-2011 0:00;1;ACD01;;8;8;0;F;59144
91;1;1;25-08-2020 0:00;1;CAH01;;7;7;0;F;59920
113;6;1;10-11-2020 0:00;1;MP202;;15;15;0;F;60000
117;3;1;05-12-2020 0:00;1;BUN03;;8;8;0;F;60000
157;1;5;15-01-2021 0:00;1;MPA01;;12;12;0;F;60000
157;2;5;15-01-2021 0:00;1;MPA01;;12;12;0;F;60000
90;2;;22-01-2021 0:00;1;BUI02;;6;0;0;S;60006
14;1;1;25-01-2011 0:00;1;CAH01;;0;0;10;E;60030
71;2;100;10-02-2021 0:00;1;CAH02;;0;0;8;E;60480
111;1;;15-02-2021 0:00;2;CHH02;;3;0;0;S;60819
106;6;4;04-10-2020 0:00;1;PAH02;;3;3;0;F;61350
109;4;7;10-10-2020 0:00;1;PAH02;;3;3;0;F;61350
12;1;;17-01-2011 0:00;2;MPCK0;;30;30;0;B;61500
6;1;;03-01-2011 0:00;1;MPI01;;25;25;0;B;62500
14;2;2;04-07-2020 0:00;1;BUI02;;5;0;0;R;62500
57;2;1;20-06-2020 0:00;1;BUI02;;5;5;0;F;62500
70;2;8;28-06-2020 0:00;1;BUI02;;5;5;0;F;62500
93;6;1;04-09-2020 0:00;1;BUI02;;5;5;0;F;62500
102;4;2;25-09-2020 0:00;1;BUI02;;5;5;0;F;62500
104;6;1;04-10-2020 0:00;1;BUI02;;5;5;0;F;62500
126;2;1;28-12-2020 0:00;1;BUI02;;5;5;0;F;62500
13;1;1;10-07-2020 0:00;1;CAH02;;5;0;0;R;62650
78;2;1;04-07-2020 0:00;1;CAH02;;5;5;0;F;62650
83;2;1;05-08-2020 0:00;1;CAH02;;5;5;0;F;62650
86;2;4;10-08-2020 0:00;1;CAH02;;5;5;0;F;62650
88;2;7;15-08-2020 0:00;1;CAH02;;5;5;0;F;62650
90;2;9;20-08-2020 0:00;1;CAH02;;5;5;0;F;62650
93;2;1;04-09-2020 0:00;1;CAH02;;5;5;0;F;62650
98;2;7;10-09-2020 0:00;1;CAH02;;5;5;0;F;62650
99;2;8;15-09-2020 0:00;1;CAH02;;5;5;0;F;62650
102;2;2;25-09-2020 0:00;1;CAH02;;5;5;0;F;62650
103;2;5;25-09-2020 0:00;1;CAH02;;5;5;0;F;62650
105;2;2;04-10-2020 0:00;1;CAH02;;5;5;0;F;62650
118;2;1;17-03-2021 0:00;1;CAH02;;5;0;0;S;62650
10000008;1;50001;02-02-2011 0:00;1;CAH02;;5;5;0;F;62650
69;2;7;04-06-2020 0:00;1;MPA02;;9;9;0;F;63000
4;4;;06-01-2011 0:00;1;MPBC3;;150;0;0;S;63600
25;4;;06-01-2011 0:00;2;MPBC3;;0;0;150;E;63600
129;4;4;28-12-2020 0:00;1;MP202;;16;16;0;F;64000
7;1;12233966;06-01-2011 0:00;1;CHH01;;5;0;0;S;64080
10000017;4;VE005;03-02-2011 0:00;1;MPTT0;;10;10;0;F;65455
41;17;20;28-02-2011 0:00;1;BUN01;;0;0;10;E;67200
83;5;1;05-08-2020 0:00;1;CHH01;;5;5;0;F;67450
94;3;2;04-09-2020 0:00;1;CHH01;;5;5;0;F;67450
115;2;3;02-11-2020 0:00;1;CHH01;;5;5;0;F;67450
10000008;2;50001;02-02-2011 0:00;1;CHH01;;5;5;0;F;67450
3;7;4;10-01-2011 0:00;2;MPTK0;;0;1;0;F;67920
11;7;4;07-01-2011 0:00;2;MPTK0;;1;0;0;S;67920
16;10;4;17-01-2011 0:00;1;MPTK0;;0;7;0;F;67920
22;10;4;11-01-2011 0:00;1;MPTK0;;7;0;0;S;67920
10000019;11;4;03-02-2011 0:00;1;MPTK0;;0;8;0;F;67920
115;5;3;02-11-2020 0:00;1;MPA03;;8;8;0;F;68000
49;3;2;09-02-2011 0:00;1;CAM01;;5;5;0;F;68115
141;1;2;31-12-2020 0:00;1;CAH01;;8;8;0;F;68480
105;4;2;04-10-2020 0:00;1;CAM02;;4;4;0;F;69080
108;4;6;04-10-2020 0:00;1;CAM02;;4;4;0;F;69080
10000036;1;2;20-03-2021 0:00;1;CAM02;;4;4;0;F;69080
47;3;2;18-02-2011 0:00;1;PAH01;;0;4;0;F;69960
89;3;8;15-08-2020 0:00;1;PAH01;;4;4;0;F;69960
97;3;6;10-09-2020 0:00;1;PAH01;;4;4;0;F;69960
114;1;2;10-11-2020 0:00;1;PAH01;;4;4;0;F;69960
10000034;1;2;15-03-2021 0:00;1;PAH01;;4;4;0;F;69960
72;1;101;15-02-2021 0:00;1;PAH01;;0;0;7;E;70000
112;6;1;10-10-2020 0:00;1;MPA02;;10;10;0;F;70000
6;1;6;10-01-2011 0:00;2;PSH01;;0;1;0;F;70200
6;3;6;10-01-2011 0:00;2;PSM01;;0;2;0;F;70200
13;1;6;07-01-2011 0:00;2;PSH01;;1;0;0;S;70200
13;3;6;07-01-2011 0:00;2;PSM01;;2;0;0;S;70200
17;1;6;17-01-2011 0:00;1;PSH01;;0;1;0;F;70200
23;1;6;11-01-2011 0:00;1;PSH01;;1;0;0;S;70200
79;2;100;07-03-2021 0:00;1;RES02;;0;0;80;E;70400
159;1;7;15-01-2021 0:00;1;BUI01;;7;7;0;F;71400
49;2;2;09-02-2011 0:00;1;CAH02;;6;6;0;F;71421
83;3;1;05-08-2020 0:00;1;CAM01;;5;5;0;F;71700
86;3;4;10-08-2020 0:00;1;CAM01;;5;5;0;F;71700
93;3;1;04-09-2020 0:00;1;CAM01;;5;5;0;F;71700
104;3;1;04-10-2020 0:00;1;CAM01;;5;5;0;F;71700
142;1;3;31-12-2020 0:00;1;CAM01;;0;5;0;F;71700
3;10;4;10-01-2011 0:00;2;MPTP0;;0;5;0;F;72380
11;10;4;07-01-2011 0:00;2;MPTP0;;5;0;0;S;72380
16;14;4;17-01-2011 0:00;1;MPTP0;;0;6;0;F;72380
22;14;4;11-01-2011 0:00;1;MPTP0;;6;0;0;S;72380
10000019;15;4;03-02-2011 0:00;1;MPTP0;;0;11;0;F;72380
49;3;100;03-11-2020 0:00;1;BUI03;;0;0;10;E;74600
10000022;1;2;03-02-2011 0:00;1;ACM01;;1;1;0;F;74780
65;4;3;31-08-2020 0:00;1;BUN03;;10;0;0;S;75000
79;4;3;04-07-2020 0:00;1;BUN03;;0;10;0;F;75000
114;3;2;10-11-2020 0:00;1;MPA01;;15;15;0;F;75000
121;1;5;20-12-2020 0:00;1;MPA01;;15;15;0;F;75000
128;1;3;28-12-2020 0:00;1;MPA01;;15;15;0;F;75000
177;1;7;08-03-2021 0:00;1;BUI02;;6;6;0;F;75000
10;3;12288963;19-01-2011 0:00;1;ACD01;;0;0;10;E;75030
92;2;2;20-08-2020 0:00;1;CAH02;;6;6;0;F;75180
100;2;9;20-09-2020 0:00;1;CAH02;;6;6;0;F;75180
104;2;1;04-10-2020 0:00;1;CAH02;;6;6;0;F;75180
3;17;4;10-01-2011 0:00;2;MPTT3;;0;2;0;F;75790
11;17;4;07-01-2011 0:00;2;MPTT3;;2;0;0;S;75790
16;21;4;17-01-2011 0:00;1;MPTT3;;0;9;0;F;75790
22;21;4;11-01-2011 0:00;1;MPTT3;;9;0;0;S;75790
10000019;22;4;03-02-2011 0:00;1;MPTT3;;0;11;0;F;75790
88;1;2;21-01-2021 0:00;1;BUN02;;8;0;0;S;76000
10000006;1;60001;02-02-2011 0:00;1;ACM01;;1;1;0;F;76044
69;3;7;04-06-2020 0:00;1;MPA03;;9;9;0;F;76500
50;3;4;10-02-2011 0:00;1;CAM01;;5;5;0;F;76719
127;4;;30-03-2021 0:00;1;AM003;;20;0;0;S;76920
143;1;4;31-12-2020 0:00;1;CAH01;;9;9;0;F;77040
10000013;1;DE002;02-02-2011 0:00;1;MPTP3;;8;8;0;F;77120
85;2;3;05-08-2020 0:00;1;PAM01;;4;4;0;F;77280
54;3;101;12-11-2020 0:00;1;BUN03;;0;0;10;E;77600
5;4;;06-01-2011 0:00;1;MPI04;;30;0;0;S;78900
26;4;;06-01-2011 0:00;2;MPI04;;0;0;30;E;78900
9;2;12288963;06-01-2011 0:00;1;MPTA1;;0;0;30;E;79200
84;18;20;01-03-2021 0:00;1;AC004;;0;0;1000;E;80000
83;2;100;31-03-2021 0:00;1;SUST3;;0;0;10;E;80090
105;2;4;10-03-2021 0:00;1;CHH01;;6;0;0;S;80940
78;2;100;06-03-2021 0:00;1;CAH02;;0;0;10;E;81200
31;1;6;14-02-2011 0:00;1;CAH01;;10;10;0;F;81320
34;1;2;14-02-2011 0:00;2;CAH01;;0;10;0;F;81320
43;1;2;07-02-2011 0:00;2;CAH01;;10;0;0;S;81320
47;4;2;18-02-2011 0:00;1;PAH02;;0;4;0;F;81800
97;4;6;10-09-2020 0:00;1;PAH02;;4;4;0;F;81800
106;2;5;12-03-2021 0:00;1;PAH02;;4;0;0;S;81800
114;2;2;10-11-2020 0:00;1;PAH02;;4;4;0;F;81800
3;12;4;10-01-2011 0:00;2;MPTP2;;0;2;0;F;82008
11;12;4;07-01-2011 0:00;2;MPTP2;;2;0;0;S;82008
16;16;4;17-01-2011 0:00;1;MPTP2;;0;7;0;F;82008
22;16;4;11-01-2011 0:00;1;MPTP2;;7;0;0;S;82008
10000019;17;4;03-02-2011 0:00;1;MPTP2;;0;9;0;F;82008
49;1;100;03-11-2020 0:00;1;BUI01;;0;0;10;E;82600
3;14;4;10-01-2011 0:00;2;MPTT0;;0;2;0;F;82680
11;14;4;07-01-2011 0:00;2;MPTT0;;2;0;0;S;82680
16;18;4;17-01-2011 0:00;1;MPTT0;;0;10;0;F;82680
22;18;4;11-01-2011 0:00;1;MPTT0;;10;0;0;S;82680
10000019;19;4;03-02-2011 0:00;1;MPTT0;;0;12;0;F;82680
118;3;2;05-12-2020 0:00;1;BUI03;;9;9;0;F;82800
5;1;20;04-01-2011 0:00;1;MPCK0;;0;0;500;E;83500
91;5;20;01-03-2021 0:00;1;ZZ101;;0;0;55;E;83710
73;1;102;15-02-2021 0:00;1;CHH01;;0;0;10;E;84000
157;3;5;15-01-2021 0:00;1;MPA02;;12;12;0;F;84000
2;5;3;10-01-2011 0:00;2;MPLA0;;0;2;0;F;84500
10;5;3;07-01-2011 0:00;2;MPLA0;;2;0;0;S;84500
21;1;78200300;19-01-2011 0:00;1;MPLA0;;0;10;0;F;84500
29;1;78200300;12-01-2011 0:00;1;MPLA0;;10;0;0;S;84500
6;4;6;10-01-2011 0:00;2;PSM02;;0;3;0;F;84600
13;4;6;07-01-2011 0:00;2;PSM02;;3;0;0;S;84600
54;1;101;12-11-2020 0:00;1;BUN01;;0;0;10;E;84600
112;7;1;10-10-2020 0:00;1;MPA03;;10;10;0;F;85000
12;1;8;14-01-2011 0:00;2;CAH01;;0;10;0;F;85600
16;1;8;09-01-2011 0:00;2;CAH01;;10;0;0;S;85600
61;1;1;31-08-2020 0:00;2;CAH01;;10;0;0;S;85600
87;1;5;10-08-2020 0:00;1;CAH01;;10;10;0;F;85600
118;1;1;17-03-2021 0:00;1;CAH01;;10;0;0;S;85600
127;1;2;28-12-2020 0:00;1;CAH01;;0;10;0;F;85600
92;3;2;20-08-2020 0:00;1;CAM01;;6;6;0;F;86040
83;4;1;05-08-2020 0:00;1;CAM02;;5;5;0;F;86350
86;4;4;10-08-2020 0:00;1;CAM02;;5;5;0;F;86350
93;4;1;04-09-2020 0:00;1;CAM02;;5;5;0;F;86350
104;4;1;04-10-2020 0:00;1;CAM02;;5;5;0;F;86350
142;2;3;31-12-2020 0:00;1;CAM02;;0;5;0;F;86350
10000013;2;DE002;02-02-2011 0:00;1;MPTP1;;10;10;0;F;86400
71;1;100;10-02-2021 0:00;1;CAH01;;0;0;15;E;86700
7;1;1;04-01-2011 0:00;1;MPI01;;0;0;50;E;87050
5;1;5;10-01-2011 0:00;2;PAH01;;0;5;0;F;87450
12;1;5;07-01-2011 0:00;2;PAH01;;5;0;0;S;87450
94;1;2;04-09-2020 0:00;1;PAH01;;5;5;0;F;87450
112;2;1;10-10-2020 0:00;1;PAH01;;5;5;0;F;87450
133;1;3;31-12-2020 0:00;1;PAH01;;5;5;0;F;87450
10000020;1;5;03-02-2011 0:00;2;PAH01;;0;5;0;F;87450
10000024;2;2;02-10-2020 0:00;1;PAH01;;5;5;0;F;87450
16;7;4;17-01-2011 0:00;1;MPTC2;;0;5;0;F;87500
22;7;4;11-01-2011 0:00;1;MPTC2;;5;0;0;S;87500
73;2;102;15-02-2021 0:00;1;CHH02;;0;0;5;E;87500
10000019;8;4;03-02-2011 0:00;1;MPTC2;;0;5;0;F;87500
91;2;1;25-08-2020 0:00;1;CAH02;;7;7;0;F;87710
10000013;3;DE002;02-02-2011 0:00;1;MPTP2;;10;10;0;F;91120
118;1;2;05-12-2020 0:00;1;BUI01;;9;9;0;F;91800
65;2;3;31-08-2020 0:00;1;BUI03;;10;0;0;S;92000
79;2;3;04-07-2020 0:00;1;BUI03;;0;10;0;F;92000
68;3;103;06-03-2021 0:00;1;CHM01;;0;0;5;E;92280
68;2;103;06-03-2021 0:00;1;CHH02;;0;0;5;E;92500
39;1;89277000;16-02-2011 0:00;2;MPLA1;;0;10;0;F;92910
46;1;89277000;07-02-2011 0:00;2;MPLA1;;10;0;0;S;92910
4;1;1;03-01-2011 0:00;1;MPBC0;;0;0;1000;E;93000
65;3;3;31-08-2020 0:00;1;BUN02;;10;0;0;S;95000
79;3;3;04-07-2020 0:00;1;BUN02;;0;10;0;F;95000
117;2;1;05-12-2020 0:00;1;BUN02;;10;10;0;F;95000
192;1;105;20-02-2021 0:00;1;BUF01;;0;10;0;F;95000
60;2;4;04-06-2020 0:00;1;MAC01;;1;1;0;F;97000
70;1;1;15-12-2020 0:00;1;MAC01;;1;0;0;S;97000
70;4;105;11-03-2021 0:00;1;PSH02;;0;0;10;E;97000
97;5;6;10-09-2020 0:00;1;MAC01;;1;1;0;F;97000
103;5;5;25-09-2020 0:00;1;MAC01;;1;1;0;F;97000
10000030;2;8;05-11-2020 0:00;1;MAC01;;1;1;0;F;97000
131;3;10100100;10-04-2021 0:00;1;ACT01;;25;0;0;S;97616
2;6;3;10-01-2011 0:00;2;MPLA1;;0;1;0;F;97800
10;6;3;07-01-2011 0:00;2;MPLA1;;1;0;0;S;97800
21;2;78200300;19-01-2011 0:00;1;MPLA1;;0;10;0;F;97800
29;2;78200300;12-01-2011 0:00;1;MPLA1;;10;0;0;S;97800
70;3;105;11-03-2021 0:00;1;PSH01;;0;0;10;E;98000
14;2;1;25-01-2011 0:00;1;CAH02;;0;0;10;E;98050
31;4;6;14-02-2011 0:00;1;CAM02;;6;6;0;F;98439
2;8;3;10-01-2011 0:00;2;MPLM2;;0;1;0;F;98460
10;8;3;07-01-2011 0:00;2;MPLM2;;1;0;0;S;98460
31;5;6;14-02-2011 0:00;1;PAH01;;2;6;0;F;99693
10000004;1;60001;04-02-2011 0:00;1;CAH01;;0;0;10;E;100000
141;2;2;31-12-2020 0:00;1;CAH02;;8;8;0;F;100240
91;3;1;25-08-2020 0:00;1;CAM01;;7;7;0;F;100380
155;1;6;15-01-2021 0:00;1;BUN01;;12;12;0;F;100800
49;2;100;03-11-2020 0:00;1;BUI02;;0;0;10;E;101000
157;4;5;15-01-2021 0:00;1;MPA03;;12;12;0;F;102000
94;2;2;04-09-2020 0:00;1;PAH02;;5;5;0;F;102250
133;2;3;31-12-2020 0:00;1;PAH02;;5;5;0;F;102250
3;8;4;10-01-2011 0:00;2;MPTK1;;0;5;0;F;102700
11;8;4;07-01-2011 0:00;2;MPTK1;;5;0;0;S;102700
16;11;4;17-01-2011 0:00;1;MPTK1;;0;5;0;F;102700
22;11;4;11-01-2011 0:00;1;MPTK1;;5;0;0;S;102700
10000019;12;4;03-02-2011 0:00;1;MPTK1;;0;10;0;F;102700
65;1;100;02-03-2021 0:00;1;BUI01;;0;0;15;E;103350
65;2;100;02-03-2021 0:00;1;BUI01;;0;0;15;E;103350
65;3;100;02-03-2021 0:00;1;BUI01;;0;0;15;E;103350
92;4;2;20-08-2020 0:00;1;CAM02;;6;6;0;F;103620
3;11;4;10-01-2011 0:00;2;MPTP1;;0;3;0;F;103680
11;11;4;07-01-2011 0:00;2;MPTP1;;3;0;0;S;103680
16;15;4;17-01-2011 0:00;1;MPTP1;;0;9;0;F;103680
22;15;4;11-01-2011 0:00;1;MPTP1;;9;0;0;S;103680
10000019;16;4;03-02-2011 0:00;1;MPTP1;;0;12;0;F;103680
47;6;2;18-02-2011 0:00;1;CHH02;;0;4;0;F;103800
101;4;1;25-09-2020 0:00;1;CHH02;;4;4;0;F;103800
9;3;12288963;06-01-2011 0:00;1;MPTA2;;0;0;30;E;103950
54;2;101;12-11-2020 0:00;1;BUN02;;0;0;10;E;104000
70;2;105;11-03-2021 0:00;1;PSM02;;0;0;10;E;104500
100;3;9;20-09-2020 0:00;1;PAH01;;6;6;0;F;104940
68;4;103;06-03-2021 0:00;1;CHM02;;0;0;5;E;105000
114;4;2;10-11-2020 0:00;1;MPA02;;15;15;0;F;105000
121;2;5;20-12-2020 0:00;1;MPA02;;15;15;0;F;105000
128;2;3;28-12-2020 0:00;1;MPA02;;15;15;0;F;105000
4;5;1;03-01-2011 0:00;1;MPBG0;;0;0;500;E;105500
28;4;;04-02-2011 0:00;2;ACT01;;0;0;25;E;105600
53;4;;04-02-2011 0:00;1;ACT01;;25;0;0;S;105600
12;5;8;14-01-2011 0:00;2;CHH01;;0;8;0;F;107920
16;5;8;09-01-2011 0:00;2;CHH01;;8;0;0;S;107920
78;1;100;06-03-2021 0:00;1;CAH01;;0;0;20;E;108000
2;7;3;10-01-2011 0:00;2;MPLA2;;0;2;0;F;109800
10;7;3;07-01-2011 0:00;2;MPLA2;;2;0;0;S;109800
21;3;78200300;19-01-2011 0:00;1;MPLA2;;0;10;0;F;109800
29;3;78200300;12-01-2011 0:00;1;MPLA2;;10;0;0;S;109800
31;7;6;14-02-2011 0:00;1;PAM01;;6;6;0;F;110124
95;3;3;04-09-2020 0:00;1;CHM01;;4;4;0;F;111520
10000025;4;3;05-10-2020 0:00;1;CHM01;;4;4;0;F;111520
118;2;2;05-12-2020 0:00;1;BUI02;;9;9;0;F;112500
143;2;4;31-12-2020 0:00;1;CAH02;;9;9;0;F;112770
155;2;6;15-01-2021 0:00;1;BUN02;;12;12;0;F;114000
7;4;12233966;06-01-2011 0:00;1;CHM02;;4;0;0;S;114952
60;1;4;04-06-2020 0:00;1;MAC02;;1;1;0;F;115600
97;6;6;10-09-2020 0:00;1;MAC02;;1;1;0;F;115600
103;6;5;25-09-2020 0:00;1;MAC02;;1;1;0;F;115600
31;6;6;14-02-2011 0:00;1;PAH02;;6;6;0;F;116565
59;1;100;15-01-2021 0:00;1;BUI01;;0;0;15;E;117000
59;2;100;15-01-2021 0:00;1;BUI01;;0;0;15;E;117000
59;3;100;15-01-2021 0:00;1;BUI01;;0;0;15;E;117000
9;4;12288963;06-01-2011 0:00;1;MPTA3;;0;0;30;E;118440
10000025;3;3;05-10-2020 0:00;1;CHH02;;4;4;0;F;119370
55;1;100;22-11-2020 0:00;1;CAH01;;0;0;20;E;120000
55;2;100;22-11-2020 0:00;1;CAH02;;0;0;20;E;120000
91;4;1;25-08-2020 0:00;1;CAM02;;7;7;0;F;120890
3;9;4;10-01-2011 0:00;2;MPTK3;;0;4;0;F;121000
11;9;4;07-01-2011 0:00;2;MPTK3;;4;0;0;S;121000
16;13;4;17-01-2011 0:00;1;MPTK3;;0;6;0;F;121000
22;13;4;11-01-2011 0:00;1;MPTK3;;6;0;0;S;121000
95;4;3;04-09-2020 0:00;1;CHM02;;4;4;0;F;121000
10000019;14;4;03-02-2011 0:00;1;MPTK3;;0;10;0;F;121000
10000025;5;3;05-10-2020 0:00;1;CHM02;;4;4;0;F;121000
10000032;1;;15-12-2020 0:00;1;CHM02;;4;4;0;B;121000
43;1;2;18-02-2011 0:00;2;CAH01;;0;15;0;F;121980
50;1;2;08-02-2011 0:00;2;CAH01;;15;0;0;S;121980
34;3;2;14-02-2011 0:00;2;CAM01;;0;9;0;F;122607
43;3;2;07-02-2011 0:00;2;CAM01;;9;0;0;S;122607
100;4;9;20-09-2020 0:00;1;PAH02;;6;6;0;F;122700
7;2;12233966;06-01-2011 0:00;1;CHH02;;5;0;0;S;123265
7;3;1;04-01-2011 0:00;1;MPI03;;0;0;100;E;124400
7;2;1;04-01-2011 0:00;1;MPI02;;0;0;50;E;125000
33;1;80002000;05-02-2011 0:00;1;PAH01;;0;0;10;E;125000
65;1;3;31-08-2020 0:00;1;BUI02;;10;0;0;S;125000
79;1;3;04-07-2020 0:00;1;BUI02;;0;10;0;F;125000
6;2;80002000;04-01-2011 0:00;1;MPEFP;;0;0;300;E;125100
1;2;2;10-01-2011 0:00;1;CAH02;;0;10;0;F;125300
9;2;2;07-01-2011 0:00;1;CAH02;;10;0;0;S;125300
12;2;8;14-01-2011 0:00;2;CAH02;;0;10;0;F;125300
16;2;8;09-01-2011 0:00;2;CAH02;;10;0;0;S;125300
61;2;1;31-08-2020 0:00;2;CAH02;;10;0;0;S;125300
87;2;5;10-08-2020 0:00;1;CAH02;;10;10;0;F;125300
127;2;2;28-12-2020 0:00;1;CAH02;;0;10;0;F;125300
183;2;9;07-03-2021 0:00;1;CAH02;2;10;10;0;F;125300
10000010;2;2;02-02-2011 0:00;1;CAH02;;0;10;0;F;125300
151;1;3;10-01-2021 0:00;1;BUN01;;0;15;0;F;126000
75;4;20;24-09-2020 0:00;1;MPCA;;0;0;50;E;127500
114;5;2;10-11-2020 0:00;1;MPA03;;15;15;0;F;127500
121;3;5;20-12-2020 0:00;1;MPA03;;15;15;0;F;127500
128;3;3;28-12-2020 0:00;1;MPA03;;15;15;0;F;127500
71;1;1;30-06-2020 0:00;2;CAH01;;5;15;0;F;128400
76;1;;25-03-2021 0:00;1;CAH01;;0;0;10;E;128488
9;19;12288963;06-01-2011 0:00;1;MPTT0;;0;0;30;E;129000
9;15;12288963;06-01-2011 0:00;1;MPTP0;;0;0;30;E;129300
83;6;1;05-08-2020 0:00;1;CHH02;;5;5;0;F;129750
70;1;105;11-03-2021 0:00;1;PSM01;;0;0;10;E;132000
31;8;6;14-02-2011 0:00;1;PAM02;;0;6;0;F;133665
1;5;2;10-01-2011 0:00;1;CHH01;;0;10;0;F;134900
9;5;2;07-01-2011 0:00;1;CHH01;;10;0;0;S;134900
10000010;5;2;02-02-2011 0:00;1;CHH01;;0;10;0;F;134900
3;13;4;10-01-2011 0:00;2;MPTP3;;0;2;0;F;134960
11;13;4;07-01-2011 0:00;2;MPTP3;;2;0;0;S;134960
16;17;4;17-01-2011 0:00;1;MPTP3;;0;12;0;F;134960
22;17;4;11-01-2011 0:00;1;MPTP3;;12;0;0;S;134960
10000019;18;4;03-02-2011 0:00;1;MPTP3;;0;14;0;F;134960
78;3;100;06-03-2021 0:00;1;CAM01;;0;0;15;E;135000
2;9;3;10-01-2011 0:00;2;MPLM3;;0;1;0;F;135920
10;9;3;07-01-2011 0:00;2;MPLM3;;1;0;0;S;135920
16;6;4;17-01-2011 0:00;1;MPTC1;;0;8;0;F;136800
22;6;4;11-01-2011 0:00;1;MPTC1;;8;0;0;S;136800
10000019;7;4;03-02-2011 0:00;1;MPTC1;;0;8;0;F;136800
58;3;100;15-12-2020 0:00;1;MPT03;;0;0;125;E;137500
9;21;12288963;06-01-2011 0:00;1;MPTT2;;0;0;30;E;138000
1;7;2;10-01-2011 0:00;1;CHM01;;0;5;0;F;139400
9;7;2;07-01-2011 0:00;1;CHM01;;5;0;0;S;139400
10000010;7;2;02-02-2011 0:00;1;CHM01;;0;5;0;F;139400
9;22;12288963;06-01-2011 0:00;1;MPTT3;;0;0;30;E;139500
10000016;2;50000;02-02-2011 0:00;1;PSH02;;5;5;0;B;141000
33;3;80002000;05-02-2011 0:00;1;PAM01;;0;0;10;E;142500
151;2;3;10-01-2021 0:00;1;BUN02;;0;15;0;F;142500
34;2;2;14-02-2011 0:00;2;CAH02;;0;12;0;F;142842
43;2;2;07-02-2011 0:00;2;CAH02;;12;0;0;S;142842
5;2;5;10-01-2011 0:00;2;PAH02;;0;7;0;F;143150
12;2;5;07-01-2011 0:00;2;PAH02;;7;0;0;S;143150
202;5;8;15-01-2020 0:00;1;PAH02;;0;7;0;F;143150
10000020;2;5;03-02-2011 0:00;2;PAH02;;0;7;0;F;143150
1;3;2;10-01-2011 0:00;1;CAM01;;0;10;0;F;143400
9;3;2;07-01-2011 0:00;1;CAM01;;10;0;0;S;143400
87;3;5;10-08-2020 0:00;1;CAM01;;10;10;0;F;143400
127;3;2;28-12-2020 0:00;1;CAM01;;0;10;0;F;143400
10000010;3;2;02-02-2011 0:00;1;CAM01;;0;10;0;F;143400
88;3;7;15-08-2020 0:00;1;MAT01;;1;1;0;F;145000
98;3;7;10-09-2020 0:00;1;MAT01;;1;1;0;F;145000
138;1;8;31-12-2020 0:00;1;MAT01;;1;1;0;F;145000
60;1;101;17-01-2021 0:00;1;BUN02;;0;0;20;E;146000
60;2;101;17-01-2021 0:00;1;BUN02;;0;0;20;E;146000
60;3;101;17-01-2021 0:00;1;BUN02;;0;0;20;E;146000
69;1;104;10-03-2021 0:00;1;PAH01;;0;0;15;E;147000
21;4;78200300;19-01-2011 0:00;1;MPLM0;;0;10;0;F;148900
29;4;78200300;12-01-2011 0:00;1;MPLM0;;10;0;0;S;148900
42;1;20;28-02-2011 0:00;1;BUN02;;0;0;20;E;152000
42;4;20;28-02-2011 0:00;1;BUN02;;0;0;20;E;152000
42;7;20;28-02-2011 0:00;1;BUN02;;0;0;20;E;152000
66;1;101;04-03-2021 0:00;1;BUN01;;0;0;20;E;152000
66;2;101;04-03-2021 0:00;1;BUN01;;0;0;20;E;152000
66;3;101;04-03-2021 0:00;1;BUN01;;0;0;20;E;152000
9;20;12288963;06-01-2011 0:00;1;MPTT1;;0;0;30;E;153000
69;2;104;10-03-2021 0:00;1;PAH02;;0;0;15;E;153450
28;1;;04-02-2011 0:00;2;ACD01;;0;0;20;E;156600
53;1;;04-02-2011 0:00;1;ACD01;;20;0;0;S;156600
69;4;104;10-03-2021 0:00;1;PAM02;;0;0;15;E;156750
21;5;78200300;19-01-2011 0:00;1;MPLM1;;0;10;0;F;157100
29;5;78200300;12-01-2011 0:00;1;MPLM1;;10;0;0;S;157100
4;2;1;03-01-2011 0:00;1;MPBC1;;0;0;900;E;158400
84;20;20;01-03-2021 0:00;1;PP027;;0;0;1000;E;159000
43;8;20;28-02-2011 0:00;2;BUI01;;0;0;20;E;163200
21;6;78200300;19-01-2011 0:00;1;MPLM2;;0;10;0;F;164100
29;6;78200300;12-01-2011 0:00;1;MPLM2;;10;0;0;S;164100
42;3;20;28-02-2011 0:00;1;BUN02;;0;0;22;E;167200
42;6;20;28-02-2011 0:00;1;BUN02;;0;0;22;E;167200
16;8;4;17-01-2011 0:00;1;MPTC3;;0;9;0;F;167850
22;8;4;11-01-2011 0:00;1;MPTC3;;9;0;0;S;167850
10000019;9;4;03-02-2011 0:00;1;MPTC3;;0;9;0;F;167850
16;5;4;17-01-2011 0:00;1;MPTC0;;0;10;0;F;168000
22;5;4;11-01-2011 0:00;1;MPTC0;;10;0;0;S;168000
117;1;1;05-12-2020 0:00;1;BUN01;;20;20;0;F;168000
161;1;2;07-02-2021 0:00;1;BUN01;;0;20;0;F;168000
10000019;6;4;03-02-2011 0:00;1;MPTC0;;0;10;0;F;168000
21;7;78200300;19-01-2011 0:00;1;MPLM3;;0;10;0;F;169900
29;7;78200300;12-01-2011 0:00;1;MPLM3;;10;0;0;S;169900
1;1;2;10-01-2011 0:00;1;CAH01;;0;20;0;F;171200
9;1;2;07-01-2011 0:00;1;CAH01;;20;0;0;S;171200
122;1;6;20-12-2020 0:00;1;CAH01;;0;20;0;F;171200
10000010;1;2;02-02-2011 0:00;1;CAH01;;0;20;0;F;171200
61;4;102;19-01-2021 0:00;1;MP202;;0;0;80;E;172000
127;4;2;28-12-2020 0:00;1;CAM02;;0;10;0;F;172700
183;4;9;07-03-2021 0:00;1;CAM02;2;10;10;0;F;172700
18;1;2;19-01-2011 0:00;1;PAH01;;0;10;0;F;174900
27;1;2;12-01-2011 0:00;1;PAH01;;10;0;0;S;174900
127;5;2;28-12-2020 0:00;1;PAH01;;0;10;0;F;174900
198;4;2;05-01-2020 0:00;1;PAH01;;0;10;0;F;174900
93;1;10;30-04-2021 0:00;1;ACD02;;0;0;5;E;175000
70;2;1;15-12-2020 0:00;1;MAO01;;1;0;0;S;175200
28;2;;04-02-2011 0:00;2;ACD02;;0;0;20;E;178100
53;2;;04-02-2011 0:00;1;ACD02;;20;0;0;S;178100
5;5;;06-01-2011 0:00;1;MPLA0;;30;0;0;S;179550
26;5;;06-01-2011 0:00;2;MPLA0;;0;0;30;E;179550
9;11;12288963;06-01-2011 0:00;1;MPTK0;;0;0;30;E;180000
45;2;20;28-02-2011 0:00;1;MP101;;0;0;90;E;180000
91;8;20;01-03-2021 0:00;1;ZZ104;;0;0;1452;E;181500
42;2;20;28-02-2011 0:00;1;BUN02;;0;0;24;E;182400
42;5;20;28-02-2011 0:00;1;BUN02;;0;0;24;E;182400
42;8;20;28-02-2011 0:00;1;BUN02;;0;0;24;E;182400
42;9;20;28-02-2011 0:00;1;BUN02;;0;0;24;E;182400
9;16;12288963;06-01-2011 0:00;1;MPTP1;;0;0;30;E;186000
202;6;8;15-01-2020 0:00;1;PAM02;;0;8;0;F;187600
71;2;1;30-06-2020 0:00;2;CAH02;;5;15;0;F;187950
183;5;9;07-03-2021 0:00;1;BUF01;;0;20;0;F;190000
200;1;101;10-01-2020 0:00;1;BUF01;;0;20;0;F;190000
5;3;5;10-01-2011 0:00;2;PAM01;;0;10;0;F;193200
10;3;4;14-01-2011 0:00;2;PAM01;;0;6;0;F;193200
12;3;5;07-01-2011 0:00;2;PAM01;;10;0;0;S;193200
18;3;2;19-01-2011 0:00;1;PAM01;;0;10;0;F;193200
18;3;4;09-01-2011 0:00;2;PAM01;;6;0;0;S;193200
19;3;4;19-01-2011 0:00;1;PAM01;;0;4;0;F;193200
25;3;4;12-01-2011 0:00;1;PAM01;;4;0;0;S;193200
27;3;2;12-01-2011 0:00;1;PAM01;;10;0;0;S;193200
10000020;3;5;03-02-2011 0:00;2;PAM01;;0;10;0;F;193200
81;1;6;04-07-2020 0:00;1;MAC01;;2;2;0;F;194000
86;5;4;10-08-2020 0:00;1;MAC01;;2;2;0;F;194000
91;1;3;24-01-2021 0:00;1;MAC01;;2;0;0;S;194000
108;5;6;04-10-2020 0:00;1;MAC01;;2;2;0;F;194000
69;3;104;10-03-2021 0:00;1;PAM01;;0;0;15;E;198900
33;4;80002000;05-02-2011 0:00;1;PAM02;;0;0;15;E;199350
45;1;20;28-02-2011 0:00;1;MP101;;0;0;100;E;200000
45;3;20;28-02-2011 0:00;1;MP101;;0;0;100;E;200000
61;3;102;19-01-2021 0:00;1;MP201;;0;0;100;E;200000
88;2;20;29-03-2021 0:00;1;FLOIL;;0;0;100;E;200000
10000001;1;50002;03-02-2011 0:00;1;ACM01;;0;0;100;E;200000
10;2;12288963;19-01-2011 0:00;1;ACT01;;0;0;50;E;200400
153;1;5;12-01-2021 0:00;1;CAM01;;0;14;0;F;200760
41;11;20;28-02-2011 0:00;1;BUN01;;0;0;30;E;201600
41;16;20;28-02-2011 0:00;1;BUN01;;0;0;30;E;201600
91;4;20;01-03-2021 0:00;1;MPTK0;;0;0;142;E;201640
67;1;4;31-08-2020 0:00;1;CHH01;;15;0;0;S;202350
80;1;4;04-07-2020 0:00;1;CHH01;;0;15;0;F;202350
4;3;1;03-01-2011 0:00;1;MPBC2;;0;0;650;E;202800
9;17;12288963;06-01-2011 0:00;1;MPTP2;;0;0;30;E;204000
56;1;103;25-11-2020 0:00;1;CAH01;;0;0;30;E;204000
57;1;101;26-11-2020 0:00;1;CAH01;;0;0;30;E;204000
43;3;2;18-02-2011 0:00;2;CAM01;;0;15;0;F;204345
50;3;2;08-02-2011 0:00;2;CAM01;;15;0;0;S;204345
18;2;2;19-01-2011 0:00;1;PAH02;;0;10;0;F;204500
27;2;2;12-01-2011 0:00;1;PAH02;;10;0;0;S;204500
127;6;2;28-12-2020 0:00;1;PAH02;;0;10;0;F;204500
68;1;5;31-08-2020 0:00;1;CAH01;;24;0;0;S;205440
75;1;5;30-06-2020 0:00;1;CAH01;;0;24;0;F;205440
30;2;1;05-02-2011 0:00;1;PSH02;;0;0;10;E;205500
12;6;8;14-01-2011 0:00;2;CHH02;;0;8;0;F;207600
16;6;8;09-01-2011 0:00;2;CHH02;;8;0;0;S;207600
20;2;;25-01-2011 0:00;1;CHH02;;8;8;0;B;207600
202;3;8;15-01-2020 0:00;1;PAH01;;0;12;0;F;209880
9;12;12288963;06-01-2011 0:00;1;MPTK1;;0;0;30;E;210000
164;1;4;12-02-2021 0:00;1;MPA02;;6;30;0;F;210000
123;1;7;20-12-2020 0:00;1;CAH01;;0;25;0;F;214000
131;1;1;31-12-2020 0:00;1;CAH01;;25;25;0;F;214000
198;1;2;05-01-2020 0:00;1;CAH01;;0;25;0;F;214000
211;1;105;03-02-2020 0:00;1;CAH01;;0;25;0;F;214000
12;3;8;14-01-2011 0:00;2;CAM01;;0;15;0;F;215100
16;3;8;09-01-2011 0:00;2;CAM01;;15;0;0;S;215100
132;1;2;31-12-2020 0:00;1;CAM01;;15;15;0;F;215100
183;3;9;07-03-2021 0:00;1;CAM01;2;15;15;0;F;215100
9;18;12288963;06-01-2011 0:00;1;MPTP3;;0;0;30;E;216000
42;12;20;28-02-2011 0:00;1;BUN03;;0;0;36;E;216000
42;15;20;28-02-2011 0:00;1;BUN03;;0;0;36;E;216000
5;6;;06-01-2011 0:00;1;MPLA1;;30;0;0;S;216300
26;6;;06-01-2011 0:00;2;MPLA1;;0;0;30;E;216300
55;3;100;22-11-2020 0:00;1;CAM01;;0;0;20;E;220000
41;10;20;28-02-2011 0:00;1;BUN01;;0;0;33;E;221760
41;12;20;28-02-2011 0:00;1;BUN01;;0;0;33;E;221760
41;14;20;28-02-2011 0:00;1;BUN01;;0;0;33;E;221760
30;1;1;05-02-2011 0:00;1;PSH01;;0;0;10;E;223900
127;6;;30-03-2021 0:00;1;ME085;;40;0;0;S;227480
42;10;20;28-02-2011 0:00;1;BUN03;;0;0;38;E;228000
42;13;20;28-02-2011 0:00;1;BUN03;;0;0;38;E;228000
42;16;20;28-02-2011 0:00;1;BUN03;;0;0;38;E;228000
188;1;101;20-01-2021 0:00;1;CAM01;;0;16;0;F;229440
236;1;5;20-04-2020 0:00;1;CAH01;;0;27;0;F;231120
255;1;11266967;19-05-2020 0:00;1;CAH01;;0;27;0;F;231120
81;2;6;04-07-2020 0:00;1;MAC02;;2;2;0;F;231200
86;6;4;10-08-2020 0:00;1;MAC02;;2;2;0;F;231200
108;6;6;04-10-2020 0:00;1;MAC02;;2;2;0;F;231200
10000030;3;8;05-11-2020 0:00;1;MAC02;;2;2;0;F;231200
61;2;102;19-01-2021 0:00;1;MP102;;0;0;120;E;235200
124;2;;23-03-2021 0:00;1;AC103;;150;0;0;S;235500
41;7;20;28-02-2011 0:00;1;BUI03;;0;0;32;E;235520
51;1;103;05-11-2020 0:00;1;MAC01;;0;0;3;E;235800
247;1;1;06-05-2020 0:00;1;BUF01;;0;25;0;F;237500
42;11;20;28-02-2011 0:00;1;BUN03;;0;0;40;E;240000
42;14;20;28-02-2011 0:00;1;BUN03;;0;0;40;E;240000
42;17;20;28-02-2011 0:00;1;BUN03;;0;0;40;E;240000
45;4;20;28-02-2011 0:00;1;MP101;;0;0;120;E;240000
153;2;5;12-01-2021 0:00;1;CAM02;;0;14;0;F;241780
41;13;20;28-02-2011 0:00;1;BUN01;;0;0;36;E;241920
5;2;20;04-01-2011 0:00;1;MPCP1;;0;0;400;E;242000
28;3;;04-02-2011 0:00;2;ACM01;;0;0;5;E;243045
53;3;;04-02-2011 0:00;1;ACM01;;5;0;0;S;243045
40;8;20;28-02-2011 0:00;1;BUI01;;0;0;30;E;244800
5;3;20;04-01-2011 0:00;1;MPCP2;;0;0;560;E;245280
246;1;103;06-05-2020 0:00;1;BUF01;;0;26;0;F;247000
1;5;;02-01-2011 0:00;1;ACT01;;60;0;0;S;249240
22;5;;02-01-2011 0:00;2;ACT01;;0;0;60;E;249240
164;2;4;12-02-2021 0:00;1;MPA01;;10;50;0;F;250000
10000006;2;1;01-02-2011 0:00;1;SUST1;;0;0;100;E;250000
122;2;6;20-12-2020 0:00;1;CAH02;;0;20;0;F;250600
57;2;101;26-11-2020 0:00;1;CAH02;;0;0;30;E;253500
148;4;7;06-01-2021 0:00;1;CAH01;;0;30;0;F;256800
160;3;1;05-02-2021 0:00;1;CAH01;;0;30;0;F;256800
180;1;1;09-03-2021 0:00;1;CAH01;;0;30;0;F;256800
189;1;104;24-01-2021 0:00;1;CAH01;;0;30;0;F;256800
197;2;7;28-03-2021 0:00;1;CAH01;;0;30;0;F;256800
242;3;103;24-04-2020 0:00;1;CAH01;;0;30;0;F;256800
252;3;5;12-05-2020 0:00;1;CAH01;;0;30;0;F;256800
61;1;102;19-01-2021 0:00;1;MP101;;0;0;140;E;259000
1;4;2;10-01-2011 0:00;1;CAM02;;0;15;0;F;259050
9;4;2;07-01-2011 0:00;1;CAM02;;15;0;0;S;259050
12;4;8;14-01-2011 0:00;2;CAM02;;0;15;0;F;259050
16;4;8;09-01-2011 0:00;2;CAM02;;15;0;0;S;259050
132;2;2;31-12-2020 0:00;1;CAM02;;15;15;0;F;259050
10000010;4;2;02-02-2011 0:00;1;CAM02;;0;15;0;F;259050
56;2;103;25-11-2020 0:00;1;CAH02;;0;0;30;E;261000
162;4;3;10-02-2021 0:00;1;PAH01;;0;15;0;F;262350
199;3;105;06-01-2020 0:00;1;PAH01;;0;15;0;F;262350
7;4;1;04-01-2011 0:00;1;MPI04;;0;0;100;E;263000
42;18;20;28-02-2011 0:00;1;BUN03;;0;0;44;E;264000
256;1;123;20-05-2020 0:00;1;BUF01;;0;28;0;F;266000
41;15;20;28-02-2011 0:00;1;BUN01;;0;0;40;E;268800
24;1;8;21-01-2011 0:00;1;CHH01;;20;20;0;F;269800
145;1;4;03-01-2021 0:00;1;CHH01;;0;20;0;F;269800
150;1;2;08-01-2021 0:00;1;CHH01;;0;20;0;F;269800
192;2;105;20-02-2021 0:00;1;CHH01;;0;20;0;F;269800
9;13;12288963;06-01-2011 0:00;1;MPTK2;;0;0;30;E;273000
5;7;;06-01-2011 0:00;1;MPLA2;;30;0;0;S;273480
26;7;;06-01-2011 0:00;2;MPLA2;;0;0;30;E;273480
33;2;80002000;05-02-2011 0:00;1;PAH02;;0;0;20;E;274000
212;1;101;05-02-2020 0:00;1;BUF01;;0;29;0;F;275500
27;4;12288963;04-02-2011 0:00;1;ACT01;;0;0;60;E;276840
37;2;4;16-02-2011 0:00;2;CHH02;;0;10;0;F;277665
44;2;4;07-02-2011 0:00;2;CHH02;;10;0;0;S;277665
66;1;4;31-08-2020 0:00;1;CHM01;;10;0;0;S;278800
74;1;4;30-06-2020 0:00;1;CHM01;;0;10;0;F;278800
55;4;100;22-11-2020 0:00;1;CAM02;;0;0;20;E;280000
84;12;20;01-03-2021 0:00;1;MP024;;0;0;1000;E;280000
10000006;3;1;01-02-2011 0:00;1;SUST2;;0;0;100;E;280000
51;2;103;05-11-2020 0:00;1;MAC02;;0;0;3;E;280440
5;4;5;10-01-2011 0:00;2;PAM02;;0;2;0;F;281400
12;4;5;07-01-2011 0:00;2;PAM02;;2;0;0;S;281400
215;2;4;09-02-2020 0:00;1;PSH02;;0;10;0;F;282000
165;1;5;15-02-2021 0:00;1;BUF01;;0;30;0;F;285000
174;3;4;06-03-2021 0:00;1;BUF01;;0;30;0;F;285000
179;2;9;09-03-2021 0:00;1;BUN02;;0;30;0;F;285000
209;1;5;26-01-2020 0:00;1;BUF01;;0;30;0;F;285000
252;1;5;12-05-2020 0:00;1;BUF01;;0;30;0;F;285000
263;1;8;02-04-2020 0:00;1;BUF01;;0;30;0;F;285000
122;3;6;20-12-2020 0:00;1;CAM01;;0;20;0;F;286800
44;1;4;18-02-2011 0:00;2;CHH01;;0;20;0;F;288686
51;1;4;10-02-2011 0:00;2;CHH01;;20;0;0;S;288686
192;3;105;20-02-2021 0:00;1;PAM01;;0;15;0;F;289800
202;4;8;15-01-2020 0:00;1;PAM01;;0;15;0;F;289800
67;1;5;26-06-2020 0:00;1;MAT01;;2;2;0;F;290000
110;3;8;10-10-2020 0:00;1;MAT01;;2;2;0;F;290000
124;1;8;25-12-2020 0:00;1;MAC01;;0;3;0;F;291000
41;6;20;28-02-2011 0:00;1;BUI03;;0;0;40;E;294400
41;8;20;28-02-2011 0:00;1;BUI03;;0;0;40;E;294400
84;11;20;01-03-2021 0:00;1;AS701;;0;0;1000;E;297000
45;10;20;28-02-2011 0:00;1;MP201;;0;0;120;E;297600
45;12;20;28-02-2011 0:00;1;MP201;;0;0;120;E;297600
162;1;3;10-02-2021 0:00;1;CAH01;;3;35;0;F;299600
209;5;5;26-01-2020 0:00;1;CAH01;;0;35;0;F;299600
263;3;8;02-04-2020 0:00;1;CAH01;;0;35;0;F;299600
43;16;20;28-02-2011 0:00;2;BUI02;;0;0;30;E;300000
161;3;2;07-02-2021 0:00;1;BUN03;;0;40;0;F;300000
179;1;9;09-03-2021 0:00;1;BUN03;;0;40;0;F;300000
10000006;4;1;01-02-2011 0:00;1;SUST3;;0;0;100;E;300000
1;8;2;10-01-2011 0:00;1;CHM02;;0;10;0;F;302500
9;8;2;07-01-2011 0:00;1;CHM02;;10;0;0;S;302500
66;2;4;31-08-2020 0:00;1;CHM02;;10;0;0;S;302500
74;2;4;30-06-2020 0:00;1;CHM02;;0;10;0;F;302500
10000010;8;2;02-02-2011 0:00;1;CHM02;;0;10;0;F;302500
160;1;1;05-02-2021 0:00;1;BUI01;;0;30;0;F;306000
10;2;4;14-01-2011 0:00;2;PAH02;;0;4;0;F;306750
18;2;4;09-01-2011 0:00;2;PAH02;;4;0;0;S;306750
19;2;4;19-01-2011 0:00;1;PAH02;;0;11;0;F;306750
25;2;4;12-01-2011 0:00;1;PAH02;;11;0;0;S;306750
176;3;6;06-03-2021 0:00;1;CAH01;;0;36;0;F;308160
183;1;9;07-03-2021 0:00;1;CAH01;;4;36;0;F;308160
88;4;7;15-08-2020 0:00;1;MAT02;;1;1;0;F;310000
98;4;7;10-09-2020 0:00;1;MAT02;;1;1;0;F;310000
9;14;12288963;06-01-2011 0:00;1;MPTK3;;0;0;30;E;310500
30;4;1;05-02-2011 0:00;1;PSM02;;0;0;15;E;310500
145;2;4;03-01-2021 0:00;1;CHH02;;0;12;0;F;311400
57;3;101;26-11-2020 0:00;1;CAM01;;0;0;30;E;312000
165;2;5;15-02-2021 0:00;1;BUF02;;0;25;0;F;312500
183;6;9;07-03-2021 0:00;1;BUF03;;0;25;0;F;312500
200;2;101;10-01-2020 0:00;1;BUF02;;0;25;0;F;312500
246;2;103;06-05-2020 0:00;1;BUF02;;0;25;0;F;312500
68;2;5;31-08-2020 0:00;1;CAH02;;25;0;0;S;313250
75;2;5;30-06-2020 0:00;1;CAH02;;0;25;0;F;313250
123;2;7;20-12-2020 0:00;1;CAH02;;0;25;0;F;313250
131;2;1;31-12-2020 0:00;1;CAH02;;25;25;0;F;313250
189;2;104;24-01-2021 0:00;1;CAH02;;0;25;0;F;313250
199;1;105;06-01-2020 0:00;1;CAH02;;0;25;0;F;313250
211;2;105;03-02-2020 0:00;1;CAH02;;0;25;0;F;313250
56;3;103;25-11-2020 0:00;1;CAM01;;0;0;30;E;315000
41;2;20;28-02-2011 0:00;1;BUI03;;0;0;43;E;316480
30;3;1;05-02-2011 0:00;1;PSM01;;0;0;15;E;320850
190;1;101;28-01-2021 0:00;1;BUF01;;0;34;0;F;323000
164;3;4;12-02-2021 0:00;1;CAH01;;0;38;0;F;325280
209;6;5;26-01-2020 0:00;1;CAH02;;0;26;0;F;325780
209;3;5;26-01-2020 0:00;1;BUI01;;0;32;0;F;326400
41;1;20;28-02-2011 0:00;1;BUI03;;0;0;45;E;331200
41;3;20;28-02-2011 0:00;1;BUI03;;0;0;45;E;331200
41;5;20;28-02-2011 0:00;1;BUI03;;0;0;45;E;331200
161;2;2;07-02-2021 0:00;1;BUN02;;0;35;0;F;332500
196;3;104;25-03-2021 0:00;1;CAH01;;0;39;0;F;333840
12;7;8;14-01-2011 0:00;2;CHM01;;0;12;0;F;334560
16;7;8;09-01-2011 0:00;2;CHM01;;12;0;0;S;334560
45;6;20;28-02-2011 0:00;1;MP102;;0;0;120;E;336000
45;8;20;28-02-2011 0:00;1;MP102;;0;0;120;E;336000
67;1;102;06-03-2021 0:00;1;CAH01;;0;0;56;E;336000
172;1;2;04-03-2021 0:00;1;BUN01;;6;40;0;F;336000
64;1;3;31-08-2020 0:00;1;CHH01;;25;0;0;S;337250
73;1;3;30-06-2020 0:00;1;CHH01;;0;25;0;F;337250
123;5;7;20-12-2020 0:00;1;CHH01;;0;25;0;F;337250
201;1;104;12-01-2020 0:00;1;CHH01;;0;25;0;F;337250
145;5;4;03-01-2021 0:00;1;PSH02;;0;12;0;F;338400
165;4;5;15-02-2021 0:00;1;CAH01;;0;40;0;F;342400
178;3;8;08-03-2021 0:00;1;CAH01;;0;40;0;F;342400
248;1;6;07-05-2020 0:00;1;CAH01;;0;40;0;F;342400
285;3;2;30-04-2021 0:00;1;CAH01;;0;40;0;F;342400
122;4;6;20-12-2020 0:00;1;CAM02;;0;20;0;F;345400
126;2;DEMO MT;30-03-2021 0:00;1;AC103;;220.8;0;0;S;346656
127;3;;30-03-2021 0:00;1;AC103;;220.8;0;0;S;346656
124;2;8;25-12-2020 0:00;1;MAC02;;0;3;0;F;346800
10;1;4;14-01-2011 0:00;2;PAH01;;0;15;0;F;349800
18;1;4;09-01-2011 0:00;2;PAH01;;15;0;0;S;349800
19;1;4;19-01-2011 0:00;1;PAH01;;0;5;0;F;349800
25;1;4;12-01-2011 0:00;1;PAH01;;5;0;0;S;349800
63;1;2;31-08-2020 0:00;2;PAH01;;20;0;0;S;349800
72;1;2;30-06-2020 0:00;2;PAH01;;0;20;0;F;349800
203;1;4;15-01-2020 0:00;1;PAH01;;0;20;0;F;349800
61;1;5;04-06-2020 0:00;1;MAO01;;2;2;0;F;350400
87;4;5;10-08-2020 0:00;1;MAO01;;2;2;0;F;350400
109;5;7;10-10-2020 0:00;1;MAO01;;2;2;0;F;350400
255;2;11266967;19-05-2020 0:00;1;CAH02;;0;28;0;F;350840
215;1;4;09-02-2020 0:00;1;PSH01;;0;10;0;F;351000
215;3;4;09-02-2020 0:00;1;PSM01;;0;10;0;F;351000
19;4;4;19-01-2011 0:00;1;PAM02;;0;3;0;F;351750
25;4;4;12-01-2011 0:00;1;PAM02;;3;0;0;S;351750
181;2;2;10-03-2021 0:00;1;PAM02;;0;15;0;F;351750
10000003;2;50002;02-02-2011 0:00;1;ACU01;;1;1;0;F;352031
27;2;12288963;04-02-2011 0:00;1;ACD02;;0;0;40;E;356800
212;3;101;05-02-2020 0:00;1;BUI01;;0;35;0;F;357000
123;3;7;20-12-2020 0:00;1;CAM01;;0;25;0;F;358500
211;3;105;03-02-2020 0:00;1;CAM01;;0;25;0;F;358500
264;3;105;10-04-2020 0:00;1;CAM01;;0;25;0;F;358500
12;8;8;14-01-2011 0:00;2;CHM02;;0;12;0;F;363000
16;8;8;09-01-2011 0:00;2;CHM02;;12;0;0;S;363000
21;1;79020000;25-01-2011 0:00;1;ACC01;;0;0;1;E;365612
41;4;20;28-02-2011 0:00;1;BUI03;;0;0;50;E;368000
168;1;8;15-02-2021 0:00;1;BUI03;;4;40;0;F;368000
4;4;1;03-01-2011 0:00;1;MPBC3;;0;0;870;E;369750
45;9;20;28-02-2011 0:00;1;MP201;;0;0;150;E;372000
45;11;20;28-02-2011 0:00;1;MP201;;0;0;150;E;372000
57;4;101;26-11-2020 0:00;1;CAM02;;0;0;30;E;372000
5;11;;06-01-2011 0:00;1;MPLM0;;30;0;0;S;373800
26;11;;06-01-2011 0:00;2;MPLM0;;0;0;30;E;373800
178;2;8;08-03-2021 0:00;1;BUN03;;4;50;0;F;375000
198;2;2;05-01-2020 0:00;1;BUF02;;0;30;0;F;375000
200;3;101;10-01-2020 0:00;1;BUF03;;0;30;0;F;375000
212;4;101;05-02-2020 0:00;1;BUI02;;0;30;0;F;375000
225;6;104;07-03-2020 0:00;1;BUN03;;0;50;0;F;375000
148;5;7;06-01-2021 0:00;1;CAH02;;0;30;0;F;375900
180;2;1;09-03-2021 0:00;1;CAH02;;0;30;0;F;375900
242;4;103;24-04-2020 0:00;1;CAH02;;0;30;0;F;375900
194;1;105;22-03-2021 0:00;1;BUF01;;0;40;0;F;380000
197;1;7;28-03-2021 0:00;1;BUF01;;0;40;0;F;380000
242;1;103;24-04-2020 0:00;1;BUF01;;0;40;0;F;380000
45;14;20;28-02-2011 0:00;1;MP202;;0;0;120;E;384000
45;16;20;28-02-2011 0:00;1;MP202;;0;0;120;E;384000
210;1;2;02-02-2020 0:00;1;PAH01;;0;22;0;F;384780
1;6;2;10-01-2011 0:00;1;CHH02;;0;15;0;F;389250
9;6;2;07-01-2011 0:00;1;CHH02;;15;0;0;S;389250
67;2;4;31-08-2020 0:00;1;CHH02;;15;0;0;S;389250
80;2;4;04-07-2020 0:00;1;CHH02;;0;15;0;F;389250
10000010;6;2;02-02-2011 0:00;1;CHH02;;0;15;0;F;389250
1;3;;02-01-2011 0:00;1;ACD01;;50;0;0;S;389600
22;3;;02-01-2011 0:00;2;ACD01;;0;0;50;E;391200
27;1;12288963;04-02-2011 0:00;1;ACD01;;0;0;50;E;395650
5;8;;06-01-2011 0:00;1;MPLM1;;30;0;0;S;397050
26;8;;06-01-2011 0:00;2;MPLM1;;0;0;30;E;397050
1;8;1;02-01-2011 0:00;1;MPI01;;0;0;200;E;400000
40;16;20;28-02-2011 0:00;1;BUI02;;0;0;40;E;400000
43;10;20;28-02-2011 0:00;2;BUI02;;0;0;40;E;400000
43;12;20;28-02-2011 0:00;2;BUI02;;0;0;40;E;400000
43;17;20;28-02-2011 0:00;2;BUI02;;0;0;40;E;400000
46;2;20;28-02-2011 0:00;1;MPA01;;0;0;100;E;400000
165;3;5;15-02-2021 0:00;1;BUF03;;0;32;0;F;400000
176;4;6;06-03-2021 0:00;1;CAM01;;0;28;0;F;401520
58;1;100;15-12-2020 0:00;1;MPT01;;0;0;150;E;402000
191;1;105;16-02-2021 0:00;1;CAH01;;0;47;0;F;402320
9;6;12288963;06-01-2011 0:00;1;MPTC0;;0;0;30;E;403500
174;1;4;06-03-2021 0:00;1;CHH01;;3;30;0;F;404700
249;1;4;08-05-2020 0:00;1;CHH01;;0;30;0;F;404700
167;1;7;15-02-2021 0:00;1;BUN03;;4;54;0;F;405000
243;1;9999999999;02-05-2020 0:00;1;CAH01;;0;50;0;F;406600
43;1;20;28-02-2011 0:00;2;BUI01;;0;0;50;E;408000
43;3;20;28-02-2011 0:00;2;BUI01;;0;0;50;E;408000
43;4;20;28-02-2011 0:00;2;BUI01;;0;0;50;E;408000
43;5;20;28-02-2011 0:00;2;BUI01;;0;0;50;E;408000
43;6;20;28-02-2011 0:00;2;BUI01;;0;0;50;E;408000
171;1;1;02-03-2021 0:00;1;BUI01;;4;40;0;F;408000
265;1;2;12-04-2020 0:00;1;BUI01;;0;40;0;F;408000
63;2;2;31-08-2020 0:00;2;PAH02;;20;0;0;S;409000
72;2;2;30-06-2020 0:00;2;PAH02;;0;20;0;F;409000
165;7;5;15-02-2021 0:00;1;PAH02;;0;20;0;F;409000
204;6;1;18-01-2020 0:00;1;PAH02;;0;20;0;F;409000
210;3;2;02-02-2020 0:00;1;PAH02;;0;20;0;F;409000
251;2;7;10-05-2020 0:00;1;PAH02;;0;20;0;F;409000
259;2;101;27-04-2021 0:00;1;PAH02;;0;20;0;F;409000
62;1;6;04-06-2020 0:00;1;MAO02;;2;2;0;F;411280
87;5;5;10-08-2020 0:00;1;MAO02;;2;2;0;F;411280
197;4;7;28-03-2021 0:00;1;CAM01;;0;29;0;F;415860
257;1;2;22-05-2020 0:00;1;CAM01;;0;29;0;F;415860
67;3;4;31-08-2020 0:00;1;CHM01;;15;0;0;S;418200
80;3;4;04-07-2020 0:00;1;CHM01;;0;15;0;F;418200
9;9;12288963;06-01-2011 0:00;1;MPTC3;;0;0;30;E;420000
45;5;20;28-02-2011 0:00;1;MP102;;0;0;150;E;420000
45;7;20;28-02-2011 0:00;1;MP102;;0;0;150;E;420000
214;1;8;08-02-2020 0:00;1;PSH01;;0;12;0;F;421200
214;2;8;08-02-2020 0:00;1;PSH02;;0;15;0;F;423000
209;4;5;26-01-2020 0:00;1;BUI02;;0;34;0;F;425000
212;2;101;05-02-2020 0:00;1;BUF02;;0;34;0;F;425000
172;2;2;04-03-2021 0:00;1;BUN02;;3;45;0;F;427500
189;3;104;24-01-2021 0:00;1;BUF01;;0;45;0;F;427500
147;4;6;05-01-2021 0:00;1;CAH01;;0;50;0;F;428000
167;3;7;15-02-2021 0:00;1;CAH01;;0;50;0;F;428000
172;3;2;04-03-2021 0:00;1;CAH01;;0;50;0;F;428000
237;3;20002;26-04-2020 0:00;1;CAH01;;0;50;0;F;428000
199;2;105;06-01-2020 0:00;1;CAM01;;0;30;0;F;430200
209;7;5;26-01-2020 0:00;1;CAM01;;0;30;0;F;430200
235;3;103;16-04-2020 0:00;1;CAM01;;30;30;0;F;430200
123;4;7;20-12-2020 0:00;1;CAM02;;0;25;0;F;431750
180;4;1;09-03-2021 0:00;1;PAH01;;0;25;0;F;437250
204;5;1;18-01-2020 0:00;1;PAH01;;0;25;0;F;437250
206;1;6;22-01-2020 0:00;1;PAH01;;0;25;0;F;437250
212;5;101;05-02-2020 0:00;1;PAH01;;0;25;0;F;437250
15;3;12233966;17-01-2011 0:00;1;MPTC2;;0;25;0;F;437500
24;3;12233966;11-01-2011 0:00;1;MPTC2;;25;0;0;S;437500
5;10;;06-01-2011 0:00;1;MPLM3;;30;0;0;S;438540
26;10;;06-01-2011 0:00;2;MPLM3;;0;0;30;E;438540
191;2;105;16-02-2021 0:00;1;CAH02;;0;35;0;F;438550
197;3;7;28-03-2021 0:00;1;CAH02;;0;35;0;F;438550
41;9;20;28-02-2011 0:00;1;BUI03;;0;0;60;E;441600
146;4;5;04-01-2021 0:00;1;PAM01;;0;23;0;F;444360
1;4;;02-01-2011 0:00;1;ACD02;;50;0;0;S;446050
22;4;;02-01-2011 0:00;2;ACD02;;0;0;50;E;446050
5;9;;06-01-2011 0:00;1;MPLM2;;30;0;0;S;446700
26;9;;06-01-2011 0:00;2;MPLM2;;0;0;30;E;446700
56;4;103;25-11-2020 0:00;1;CAM02;;0;0;30;E;450000
167;2;7;15-02-2021 0:00;1;BUF03;;0;36;0;F;450000
37;4;4;16-02-2011 0:00;2;CHM02;;0;14;0;F;453145
44;4;4;07-02-2011 0:00;2;CHM02;;14;0;0;S;453145
67;4;4;31-08-2020 0:00;1;CHM02;;15;0;0;S;453750
80;4;4;04-07-2020 0:00;1;CHM02;;0;15;0;F;453750
145;4;4;03-01-2021 0:00;1;CHM02;;0;15;0;F;453750
251;1;7;10-05-2020 0:00;1;PAH01;;0;26;0;F;454740
9;7;12288963;06-01-2011 0:00;1;MPTC1;;0;0;30;E;456000
252;4;5;12-05-2020 0:00;1;CAH02;;0;37;0;F;463610
164;4;4;12-02-2021 0:00;1;CAM02;;0;27;0;F;466290
166;1;6;15-02-2021 0:00;1;MPA03;;15;55;0;F;467500
179;6;9;09-03-2021 0:00;1;PAM02;;0;20;0;F;469000
210;4;2;02-02-2020 0:00;1;PAM02;;0;20;0;F;469000
9;8;12288963;06-01-2011 0:00;1;MPTC2;;0;0;30;E;469200
144;1;3;03-01-2021 0:00;1;CAH01;;5;55;0;F;470800
170;1;1;15-02-2021 0:00;1;CAH01;;6;55;0;F;470800
173;1;3;05-03-2021 0:00;1;CAH01;;5;55;0;F;470800
188;3;101;20-01-2021 0:00;1;CAH01;;0;55;0;F;470800
226;1;8;10-03-2020 0:00;1;CAH01;;0;55;0;F;470800
208;1;7;26-01-2020 0:00;1;CHH01;;0;35;0;F;472150
168;2;8;15-02-2021 0:00;1;BUF01;;0;50;0;F;475000
193;1;101;22-02-2021 0:00;1;BUF01;;0;50;0;F;475000
195;1;101;23-03-2021 0:00;1;BUF01;;0;50;0;F;475000
209;2;5;26-01-2020 0:00;1;BUF02;;0;38;0;F;475000
225;5;104;07-03-2020 0:00;1;BUN02;;0;50;0;F;475000
235;1;103;16-04-2020 0:00;1;BUF01;;0;50;0;F;475000
238;1;104;21-04-2020 0:00;1;BUF01;;0;50;0;F;475000
256;2;123;20-05-2020 0:00;1;BUF02;;0;38;0;F;475000
1;9;1;02-01-2011 0:00;1;MPTA0;;0;0;200;E;478000
45;13;20;28-02-2011 0:00;1;MP202;;0;0;150;E;480000
45;15;20;28-02-2011 0:00;1;MP202;;0;0;150;E;480000
179;5;9;09-03-2021 0:00;1;PAM01;;0;25;0;F;483000
180;3;1;09-03-2021 0:00;1;PAM01;;0;25;0;F;483000
203;2;4;15-01-2020 0:00;1;PAM01;;0;25;0;F;483000
204;7;1;18-01-2020 0:00;1;PAM01;;0;25;0;F;483000
206;3;6;22-01-2020 0:00;1;PAM01;;0;25;0;F;483000
210;2;2;02-02-2020 0:00;1;PAM01;;0;25;0;F;483000
261;2;80002000;26-05-2020 0:00;1;CAM02;;0;28;0;F;483560
40;1;20;28-02-2011 0:00;1;BUI01;;0;0;60;E;489600
40;3;20;28-02-2011 0:00;1;BUI01;;0;0;60;E;489600
40;4;20;28-02-2011 0:00;1;BUI01;;0;0;60;E;489600
40;5;20;28-02-2011 0:00;1;BUI01;;0;0;60;E;489600
40;6;20;28-02-2011 0:00;1;BUI01;;0;0;60;E;489600
43;2;20;28-02-2011 0:00;2;BUI01;;0;0;60;E;489600
10000014;1;20002;02-02-2011 0:00;1;CAH01;;58;58;0;F;496480
27;3;12288963;04-02-2011 0:00;1;ACM01;;0;0;10;E;497000
222;1;2;03-03-2020 0:00;1;CHH01;;0;37;0;F;499130
40;10;20;28-02-2011 0:00;1;BUI02;;0;0;50;E;500000
40;12;20;28-02-2011 0:00;1;BUI02;;0;0;50;E;500000
40;17;20;28-02-2011 0:00;1;BUI02;;0;0;50;E;500000
43;14;20;28-02-2011 0:00;2;BUI02;;0;0;50;E;500000
43;15;20;28-02-2011 0:00;2;BUI02;;0;0;50;E;500000
77;1;100;15-03-2021 0:00;1;ACD02;;0;0;50;E;500000
89;1;20;29-03-2021 0:00;1;PCA01;;0;0;50;E;500000
145;3;4;03-01-2021 0:00;1;BUF01;;0;20;0;F;500000
160;2;1;05-02-2021 0:00;1;BUI02;;0;40;0;F;500000
193;2;101;22-02-2021 0:00;1;BUF02;;0;40;0;F;500000
247;2;1;06-05-2020 0:00;1;BUF02;;0;40;0;F;500000
263;2;8;02-04-2020 0:00;1;BUF02;;0;40;0;F;500000
166;4;6;15-02-2021 0:00;1;CAM02;;0;29;0;F;500830
211;4;105;03-02-2020 0:00;1;CAM02;;0;29;0;F;500830
198;3;2;05-01-2020 0:00;1;CAH02;;0;40;0;F;501200
265;3;2;12-04-2020 0:00;1;CAM01;;0;35;0;F;501900
150;3;2;08-01-2021 0:00;1;BUF01;;0;53;0;F;503500
225;4;104;07-03-2020 0:00;1;BUN01;;0;60;0;F;504000
225;3;104;07-03-2020 0:00;1;BUI03;;0;55;0;F;506000
216;4;1;12-02-2020 0:00;1;PSH02;;0;18;0;F;507600
206;2;6;22-01-2020 0:00;1;PAH02;;0;25;0;F;511250
250;1;8;09-05-2020 0:00;1;CHH01;;0;38;0;F;512620
239;1;105;23-04-2020 0:00;1;CAH01;;0;60;0;F;513600
179;3;9;09-03-2021 0:00;1;CAM01;;0;36;0;F;516240
264;4;105;10-04-2020 0:00;1;CAM02;;0;30;0;F;518100
150;2;2;08-01-2021 0:00;1;CHH02;;0;20;0;F;519000
1;10;1;02-01-2011 0:00;1;MPTA1;;0;0;200;E;520000
171;3;1;02-03-2021 0:00;1;PAH01;;0;30;0;F;524700
217;1;3;15-02-2020 0:00;1;PAH01;;0;30;0;F;524700
241;1;10;24-04-2020 0:00;1;PAH01;;0;30;0;F;524700
245;1;10;04-05-2020 0:00;1;PAH01;;0;30;0;F;524700
262;1;50001;27-05-2020 0:00;1;PAH01;;0;30;0;F;524700
264;1;105;10-04-2020 0:00;1;PAH01;;0;30;0;F;524700
78;4;100;06-03-2021 0:00;1;CAM02;;0;0;40;E;524800
82;1;7;04-07-2020 0:00;1;MAO01;;3;3;0;F;525600
221;3;5;25-02-2020 0:00;1;CHH01;;0;39;0;F;526110
213;1;104;06-02-2020 0:00;1;PSH01;;0;15;0;F;526500
10000016;1;50000;02-02-2011 0:00;1;PSH01;;15;15;0;B;526500
197;7;7;28-03-2021 0:00;1;PAH02;;0;26;0;F;531700
193;4;101;22-02-2021 0:00;1;CHH01;;0;40;0;F;539600
266;1;101;10-04-2020 0:00;1;CHH01;;0;40;0;F;539600
203;3;4;15-01-2020 0:00;1;PAH02;;0;27;0;F;552150
245;2;10;04-05-2020 0:00;1;PAH02;;0;27;0;F;552150
58;2;100;15-12-2020 0:00;1;MPT02;;0;0;300;E;555000
44;2;4;18-02-2011 0:00;2;CHH02;;0;20;0;F;555330
51;2;4;10-02-2011 0:00;2;CHH02;;20;0;0;S;555330
227;3;4;12-03-2020 0:00;1;CAH01;;0;65;0;F;556400
261;1;80002000;26-05-2020 0:00;1;CAM01;;0;39;0;F;559260
46;6;20;28-02-2011 0:00;1;MPA02;;0;0;100;E;560000
189;4;104;24-01-2021 0:00;1;BUF02;;0;45;0;F;562500
196;1;104;25-03-2021 0:00;1;BUF03;;0;45;0;F;562500
248;2;6;07-05-2020 0:00;1;CAH02;;0;45;0;F;563850
263;4;8;02-04-2020 0:00;1;CAH02;;0;45;0;F;563850
146;3;5;04-01-2021 0:00;1;PSH02;;0;20;0;F;564000
160;4;1;05-02-2021 0:00;1;PSH02;;0;20;0;F;564000
174;5;4;06-03-2021 0:00;1;PSH02;;0;20;0;F;564000
147;3;6;05-01-2021 0:00;1;BUF01;;0;60;0;F;570000
178;1;8;08-03-2021 0:00;1;BUN02;;6;60;0;F;570000
40;2;20;28-02-2011 0:00;1;BUI01;;0;0;70;E;571200
221;1;5;25-02-2020 0:00;1;CAM01;;0;40;0;F;573600
236;3;5;20-04-2020 0:00;1;CAM01;;40;40;0;F;573600
244;1;3;03-05-2020 0:00;1;CAM01;;0;40;0;F;573600
179;4;9;09-03-2021 0:00;1;BUF03;;0;46;0;F;575000
173;2;3;05-03-2021 0:00;1;CAH02;;6;46;0;F;576380
148;1;7;06-01-2021 0:00;1;PAM01;;4;30;0;F;579600
176;5;6;06-03-2021 0:00;1;PAM01;;0;30;0;F;579600
196;5;104;25-03-2021 0:00;1;PAM01;;0;30;0;F;579600
218;1;6;18-02-2020 0:00;1;PAM01;;0;30;0;F;579600
203;4;4;15-01-2020 0:00;1;PAM02;;0;25;0;F;586250
162;3;3;10-02-2021 0:00;1;BUF02;;0;47;0;F;587500
217;2;3;15-02-2020 0:00;1;PAH02;;0;29;0;F;593050
243;2;9999999999;02-05-2020 0:00;1;CAH02;;0;50;0;F;595200
231;2;9;25-03-2020 0:00;1;CAH01;;0;70;0;F;599200
2;1;;02-01-2011 0:00;1;CAH01;;100;0;0;S;599700
23;1;;02-01-2011 0:00;2;CAH01;;0;0;100;E;599900
40;14;20;28-02-2011 0:00;1;BUI02;;0;0;60;E;600000
40;15;20;28-02-2011 0:00;1;BUI02;;0;0;60;E;600000
43;11;20;28-02-2011 0:00;2;BUI02;;0;0;60;E;600000
43;13;20;28-02-2011 0:00;2;BUI02;;0;0;60;E;600000
83;3;100;31-03-2021 0:00;1;AHETO;;0;0;40;E;600000
209;8;5;26-01-2020 0:00;1;CAM02;;0;35;0;F;604450
206;4;6;22-01-2020 0:00;1;PAM02;;0;26;0;F;609700
218;3;6;18-02-2020 0:00;1;PAH01;;0;35;0;F;612150
146;1;5;04-01-2021 0:00;1;CHM01;;0;22;0;F;613360
4;6;1;03-01-2011 0:00;1;MPBM0;;0;0;1200;E;616800
82;2;7;04-07-2020 0:00;1;MAO02;;3;3;0;F;616920
166;2;6;15-02-2021 0:00;1;BUF01;;0;65;0;F;617500
47;1;100;31-08-2020 0:00;1;CAH01;;0;0;100;E;620000
236;4;5;20-04-2020 0:00;1;CAM02;;36;36;0;F;621720
174;4;4;06-03-2021 0:00;1;BUF03;;0;50;0;F;625000
188;2;101;20-01-2021 0:00;1;BUF03;;0;50;0;F;625000
242;2;103;24-04-2020 0:00;1;BUF02;;0;50;0;F;625000
252;2;5;12-05-2020 0:00;1;BUF02;;0;50;0;F;625000
265;2;2;12-04-2020 0:00;1;BUI02;;0;50;0;F;625000
149;2;1;08-01-2021 0:00;1;CAH02;;0;50;0;F;626500
165;5;5;15-02-2021 0:00;1;CAH02;;0;50;0;F;626500
194;2;105;22-03-2021 0:00;1;CAH02;;0;50;0;F;626500
236;2;5;20-04-2020 0:00;1;CAH02;;0;50;0;F;626500
285;4;2;30-04-2021 0:00;1;CAH02;;0;50;0;F;626500
156;1;1;15-01-2021 0:00;1;PAH01;;6;36;0;F;629640
216;3;1;12-02-2020 0:00;1;PSH01;;0;18;0;F;631800
197;6;7;28-03-2021 0:00;1;PAH01;;0;37;0;F;647130
24;2;8;21-01-2011 0:00;1;CHH02;;25;25;0;F;648750
123;6;7;20-12-2020 0:00;1;CHH02;;0;25;0;F;648750
173;4;3;05-03-2021 0:00;1;CAM02;;8;38;0;F;656260
193;3;101;22-02-2021 0:00;1;CAM02;;0;38;0;F;656260
165;6;5;15-02-2021 0:00;1;PAH01;;0;38;0;F;664620
253;2;50000;16-05-2020 0:00;1;CHM02;;0;22;0;F;665500
84;16;20;01-03-2021 0:00;1;GS010;;0;0;1000;E;672000
239;3;105;23-04-2020 0:00;1;CHH01;;0;50;0;F;674500
270;3;105;12-07-2020 0:00;1;CHH01;;0;50;0;F;674500
224;3;101;05-03-2020 0:00;1;PAM01;;0;35;0;F;676200
241;3;10;24-04-2020 0:00;1;PAM01;;0;35;0;F;676200
1;11;1;02-01-2011 0:00;1;MPTA2;;0;0;200;E;680000
46;10;20;28-02-2011 0:00;1;MPA03;;0;0;100;E;680000
36;1;10;27-01-2011 0:00;1;ACC01;;1;0;0;S;681762
1;6;;02-01-2011 0:00;1;ACU01;;2;0;0;S;684568
22;6;;02-01-2011 0:00;2;ACU01;;0;0;2;E;684568
149;3;1;08-01-2021 0:00;1;CAH01;;0;80;0;F;684800
187;1;9;18-01-2021 0:00;1;CAH01;2;0;80;0;F;684800
48;1;101;01-08-2020 0:00;1;CAH01;;0;0;100;E;685000
10000005;1;10;02-02-2011 0:00;1;ACC01;;1;1;0;F;686260
162;2;3;10-02-2021 0:00;1;CAH02;;5;55;0;F;689150
227;4;4;12-03-2020 0:00;1;CAH02;;0;55;0;F;689150
244;2;3;03-05-2020 0:00;1;CAM02;;0;40;0;F;690800
257;2;2;22-05-2020 0:00;1;CAM02;;0;40;0;F;690800
265;4;2;12-04-2020 0:00;1;CAM02;;0;40;0;F;690800
260;1;9;25-05-2020 0:00;1;PAM01;;0;36;0;F;695520
123;7;7;20-12-2020 0:00;1;CHM01;;0;25;0;F;697000
254;1;104;18-05-2020 0:00;1;CHM01;;0;25;0;F;697000
148;3;7;06-01-2021 0:00;1;PAH01;;0;40;0;F;699600
224;1;101;05-03-2020 0:00;1;PAH01;;0;40;0;F;699600
259;1;101;27-04-2021 0:00;1;PAH01;;0;40;0;F;699600
40;11;20;28-02-2011 0:00;1;BUI02;;0;0;70;E;700000
40;13;20;28-02-2011 0:00;1;BUI02;;0;0;70;E;700000
200;5;101;10-01-2020 0:00;1;PSH01;;0;20;0;F;702000
200;4;101;10-01-2020 0:00;1;PSM01;;0;20;0;F;702000
216;1;1;12-02-2020 0:00;1;PSM01;;0;20;0;F;702000
197;8;7;28-03-2021 0:00;1;PAM02;;0;30;0;F;703500
224;4;101;05-03-2020 0:00;1;PAM02;;0;30;0;F;703500
260;2;9;25-05-2020 0:00;1;PAM02;;0;30;0;F;703500
205;2;3;20-01-2020 0:00;1;PSH02;;0;25;0;F;705000
216;2;1;12-02-2020 0:00;1;PSM02;;0;25;0;F;705000
173;3;3;05-03-2021 0:00;1;CAM01;;8;50;0;F;717000
231;3;9;25-03-2020 0:00;1;CAM01;;0;50;0;F;717000
46;4;20;28-02-2011 0:00;1;MPA01;;0;0;180;E;720000
67;2;102;06-03-2021 0:00;1;CAH02;;0;0;86;E;722400
84;2;20;01-03-2021 0:00;1;DIDI5;;0;0;1000;E;723000
197;5;7;28-03-2021 0:00;1;CAM02;;0;42;0;F;725340
146;2;5;04-01-2021 0:00;1;CHM02;;0;24;0;F;726000
181;1;2;10-03-2021 0:00;1;PAM01;;8;38;0;F;734160
43;7;20;28-02-2011 0:00;2;BUI01;;0;0;90;E;734400
43;9;20;28-02-2011 0:00;2;BUI01;;0;0;90;E;734400
84;13;20;01-03-2021 0:00;1;AC001;;0;0;1000;E;750000
171;2;1;02-03-2021 0:00;1;BUI02;;6;60;0;F;750000
235;2;103;16-04-2020 0:00;1;BUF02;;0;60;0;F;750000
238;2;104;21-04-2020 0:00;1;BUF02;;0;60;0;F;750000
240;4;101;23-04-2020 0:00;1;PAM02;;0;32;0;F;750400
237;4;20002;26-04-2020 0:00;1;CAH02;;0;60;0;F;751800
222;2;2;03-03-2020 0:00;1;CHH02;;0;29;0;F;752550
250;2;8;09-05-2020 0:00;1;CHH02;;0;29;0;F;752550
123;8;7;20-12-2020 0:00;1;CHM02;;0;25;0;F;756250
166;3;6;15-02-2021 0:00;1;CHM02;;0;25;0;F;756250
224;2;101;05-03-2020 0:00;1;PAH02;;0;37;0;F;756650
262;2;50001;27-05-2020 0:00;1;PAH02;;0;37;0;F;756650
149;1;1;08-01-2021 0:00;1;BUF01;;0;80;0;F;760000
163;1;3;10-02-2021 0:00;1;PAH01;;4;44;0;F;769560
217;3;3;15-02-2020 0:00;1;PAM01;;0;40;0;F;772800
225;1;104;07-03-2020 0:00;1;BUI02;;0;62;0;F;775000
175;4;5;06-03-2021 0:00;1;PAH02;;0;38;0;F;777100
64;2;3;31-08-2020 0:00;1;CHH02;;30;0;0;S;778500
73;2;3;30-06-2020 0:00;1;CHH02;;0;30;0;F;778500
170;2;1;15-02-2021 0:00;1;CHH02;;0;30;0;F;778500
225;2;104;07-03-2020 0:00;1;BUI02;;0;63;0;F;787500
205;3;3;20-01-2020 0:00;1;PSH02;;0;28;0;F;789600
213;2;104;06-02-2020 0:00;1;PSH02;;0;28;0;F;789600
175;2;5;06-03-2021 0:00;1;PAM02;;4;34;0;F;797300
229;4;3;20-03-2020 0:00;1;PAM02;;0;34;0;F;797300
46;1;20;28-02-2011 0:00;1;MPA01;;0;0;200;E;800000
10000021;1;AD005;03-02-2011 0:00;2;ACC02;;1;1;0;F;800000
144;2;3;03-01-2021 0:00;1;CAH02;;5;65;0;F;814450
226;2;8;10-03-2020 0:00;1;CAH02;;0;65;0;F;814450
40;7;20;28-02-2011 0:00;1;BUI01;;0;0;100;E;816000
40;9;20;28-02-2011 0:00;1;BUI01;;0;0;100;E;816000
171;4;1;02-03-2021 0:00;1;PAH02;;0;40;0;F;818000
240;2;101;23-04-2020 0:00;1;PAH02;;0;40;0;F;818000
241;2;10;24-04-2020 0:00;1;PAH02;;0;40;0;F;818000
264;2;105;10-04-2020 0:00;1;PAH02;;0;40;0;F;818000
148;2;7;06-01-2021 0:00;1;PAM02;;6;35;0;F;820750
39;4;20;27-02-2011 0:00;2;PSM02;;0;0;76;E;828400
201;2;104;12-01-2020 0:00;1;CHM01;;0;30;0;F;836400
222;3;2;03-03-2020 0:00;1;CHM01;;0;30;0;F;836400
253;1;50000;16-05-2020 0:00;1;CHM01;;0;30;0;F;836400
255;3;11266967;19-05-2020 0:00;1;CHM01;;0;30;0;F;836400
1;5;1;02-01-2011 0:00;1;ACT01;;0;0;200;E;840000
10000006;2;60001;02-02-2011 0:00;1;ACC02;;1;1;0;F;844488
10000007;4;60004;02-02-2011 0:00;1;ACC02;;1;1;0;F;844488
176;2;6;06-03-2021 0:00;1;PSM02;;4;30;0;F;846000
205;4;3;20-01-2020 0:00;1;PSM02;;0;30;0;F;846000
232;4;7;26-02-2020 0:00;1;PSH02;;0;30;0;F;846000
254;3;104;18-05-2020 0:00;1;CHM02;;0;28;0;F;847000
175;1;5;06-03-2021 0:00;1;PAM01;;4;44;0;F;850080
267;1;103;04-05-2020 0:00;1;CAH01;;0;100;0;F;856000
282;1;104;25-11-2020 0:00;1;CAH01;;0;100;0;F;856000
221;2;5;25-02-2020 0:00;1;CAM02;;0;50;0;F;863500
235;4;103;16-04-2020 0:00;1;CAM02;;50;50;0;F;863500
240;1;101;23-04-2020 0:00;1;PAH01;;0;50;0;F;874500
239;2;105;23-04-2020 0:00;1;CAH02;;0;70;0;F;877100
218;2;6;18-02-2020 0:00;1;PAM02;;0;38;0;F;891100
44;3;4;18-02-2011 0:00;2;CHM01;;0;30;0;F;894948
51;3;4;10-02-2011 0:00;2;CHM01;;30;0;0;S;894948
1;4;1;02-01-2011 0:00;1;ACD02;;0;0;100;E;895000
8;1;20;06-01-2011 0:00;1;MPLA0;;0;0;150;E;897750
43;18;20;28-02-2011 0:00;2;BUI02;;0;0;90;E;900000
83;4;100;31-03-2021 0:00;1;AHR1P;;0;0;5;E;900000
91;3;20;01-03-2021 0:00;1;GG010;;0;0;300;E;900000
188;4;101;20-01-2021 0:00;1;CHH01;;0;67;0;F;903830
208;4;7;26-01-2020 0:00;1;CHH02;;0;35;0;F;908250
241;4;10;24-04-2020 0:00;1;PAM02;;0;39;0;F;914550
169;2;9;15-02-2021 0:00;1;PAH02;;0;45;0;F;920250
196;4;104;25-03-2021 0:00;1;PAM02;;0;40;0;F;938000
39;2;20;27-02-2011 0:00;2;PSH02;;0;0;97;E;940900
175;3;5;06-03-2021 0:00;1;PAH01;;0;54;0;F;944460
240;3;101;23-04-2020 0:00;1;PAM01;;0;49;0;F;946680
63;1;104;21-01-2021 0:00;1;CAH01;;0;0;150;E;948000
271;1;103;25-07-2020 0:00;1;BUF01;;0;100;0;F;950000
249;2;4;08-05-2020 0:00;1;CHH02;;0;37;0;F;960150
227;1;4;12-03-2020 0:00;1;CAM01;;0;67;0;F;960780
229;1;3;20-03-2020 0:00;1;PAH01;;0;55;0;F;961950
229;3;3;20-03-2020 0:00;1;PAM01;;0;50;0;F;966000
44;4;4;18-02-2011 0:00;2;CHM02;;0;30;0;F;971025
51;4;4;10-02-2011 0:00;2;CHM02;;30;0;0;S;971025
208;2;7;26-01-2020 0:00;1;CHM01;;0;35;0;F;975800
205;1;3;20-01-2020 0:00;1;PSH01;;0;28;0;F;982800
217;4;3;15-02-2020 0:00;1;PAM02;;0;42;0;F;984900
67;3;102;06-03-2021 0:00;1;CAM01;;0;0;90;E;990000
40;18;20;28-02-2011 0:00;1;BUI02;;0;0;100;E;1000000
46;3;20;28-02-2011 0:00;1;MPA01;;0;0;250;E;1000000
84;15;20;01-03-2021 0:00;1;MAH01;;0;0;1000;E;1000000
186;1;50000;07-03-2007 0:00;1;ACT01;;0;10;0;F;1000000
231;1;9;25-03-2020 0:00;1;CAH02;;0;80;0;F;1002400
46;8;20;28-02-2011 0:00;1;MPA02;;0;0;180;E;1008000
227;2;4;12-03-2020 0:00;1;CAM02;;0;59;0;F;1018930
268;1;104;10-05-2020 0:00;1;BUI01;;0;100;0;F;1020000
285;1;2;30-04-2021 0:00;1;BUI01;;0;100;0;F;1020000
167;4;7;15-02-2021 0:00;1;CAM02;;0;60;0;F;1036200
231;4;9;25-03-2020 0:00;1;CAM02;;0;60;0;F;1036200
174;2;4;06-03-2021 0:00;1;CHH02;;4;40;0;F;1038000
163;2;3;10-02-2021 0:00;1;PAM01;;0;54;0;F;1043280
147;1;6;05-01-2021 0:00;1;PAH01;;0;60;0;F;1049400
238;3;104;21-04-2020 0:00;1;PAH01;;0;60;0;F;1049400
208;3;7;26-01-2020 0:00;1;CHM02;;0;35;0;F;1058750
237;2;20002;26-04-2020 0:00;1;PAM01;;40;55;0;F;1062600
8;2;20;06-01-2011 0:00;1;MPLA1;;0;0;150;E;1081500
84;3;20;01-03-2021 0:00;1;DIS11;;0;0;1000;E;1082000
39;3;20;27-02-2011 0:00;2;PSM01;;0;0;86;E;1083600
39;1;20;27-02-2011 0:00;2;PSH01;;0;0;104;E;1092000
232;2;7;26-02-2020 0:00;1;PSM02;;0;39;0;F;1099800
223;1;105;04-03-2020 0:00;1;CHM01;;0;40;0;F;1115200
256;3;123;20-05-2020 0:00;1;CHM01;;0;40;0;F;1115200
266;3;101;10-04-2020 0:00;1;CHM01;;0;40;0;F;1115200
46;5;20;28-02-2011 0:00;1;MPA02;;0;0;200;E;1120000
187;2;9;18-01-2021 0:00;1;CAH02;2;0;90;0;F;1127700
182;1;3;10-03-2021 0:00;1;PSM02;;0;40;0;F;1128000
195;3;101;23-03-2021 0:00;1;PSM02;;0;40;0;F;1128000
38;3;20;27-02-2011 0:00;1;PSM01;;0;0;78;E;1170000
237;1;20002;26-04-2020 0:00;1;PAM02;;31;50;0;F;1172500
239;4;105;23-04-2020 0:00;1;CHM02;;0;40;0;F;1210000
2;1;20;02-01-2011 0:00;1;CAH01;;0;0;200;E;1220000
38;4;20;27-02-2011 0:00;1;PSM02;;0;0;97;E;1222200
46;12;20;28-02-2011 0:00;1;MPA03;;0;0;180;E;1224000
150;4;2;08-01-2021 0:00;1;PAH01;;0;70;0;F;1224300
229;2;3;20-03-2020 0:00;1;PAH02;;0;60;0;F;1227000
38;1;20;27-02-2011 0:00;1;PSH01;;0;0;98;E;1234800
268;2;104;10-05-2020 0:00;1;BUI02;;0;100;0;F;1250000
271;2;103;25-07-2020 0:00;1;BUF02;;0;100;0;F;1250000
271;3;103;25-07-2020 0:00;1;BUF03;;0;100;0;F;1250000
267;2;103;04-05-2020 0:00;1;CAH02;;0;100;0;F;1253000
282;2;104;25-11-2020 0:00;1;CAH02;;0;100;0;F;1253000
63;2;104;21-01-2021 0:00;1;CAH02;;0;0;150;E;1267500
144;3;3;03-01-2021 0:00;1;CAM01;;6;90;0;F;1290600
221;4;5;25-02-2020 0:00;1;CHH02;;0;50;0;F;1297500
266;2;101;10-04-2020 0:00;1;CHH02;;0;50;0;F;1297500
223;2;105;04-03-2020 0:00;1;CHM02;;0;43;0;F;1300750
3;1;;03-01-2011 0:00;1;CHH01;;150;0;0;S;1305150
24;1;;03-01-2011 0:00;2;CHH01;;0;0;150;E;1305150
38;2;20;27-02-2011 0:00;1;PSH02;;0;0;115;E;1322500
67;4;102;06-03-2021 0:00;1;CAM02;;0;0;95;E;1330000
187;3;9;18-01-2021 0:00;1;CHM01;;0;48;0;F;1338240
196;2;104;25-03-2021 0:00;1;CHM01;;0;48;0;F;1338240
269;1;2;10-06-2020 0:00;1;CHH01;;0;100;0;F;1349000
46;9;20;28-02-2011 0:00;1;MPA03;;0;0;200;E;1360000
8;3;20;06-01-2011 0:00;1;MPLA2;;0;0;150;E;1367400
10000002;1;50001;02-02-2011 0:00;1;ACC01;;2;2;0;F;1372520
10000006;3;60001;02-02-2011 0:00;1;ACC01;;2;2;0;F;1372520
46;7;20;28-02-2011 0:00;1;MPA02;;0;0;250;E;1400000
169;1;9;15-02-2021 0:00;1;PSM01;;0;40;0;F;1404000
176;1;6;06-03-2021 0:00;1;PSM01;;2;40;0;F;1404000
230;1;6;22-03-2020 0:00;1;PSM01;;0;40;0;F;1404000
232;3;7;26-02-2020 0:00;1;PSH01;;0;40;0;F;1404000
182;2;3;10-03-2021 0:00;1;PSH02;;0;50;0;F;1410000
230;2;6;22-03-2020 0:00;1;PSM02;;0;50;0;F;1410000
238;4;104;21-04-2020 0:00;1;PAH02;;0;70;0;F;1431500
2;2;;02-01-2011 0:00;1;CAH02;;150;0;0;S;1440900
23;2;;02-01-2011 0:00;2;CAH02;;0;0;150;E;1440900
64;1;105;24-01-2021 0:00;1;CAH01;;0;0;250;E;1500000
232;1;7;26-02-2020 0:00;1;PSM01;;0;43;0;F;1509300
270;4;105;12-07-2020 0:00;1;CHM02;;0;50;0;F;1512500
233;2;5;28-03-2020 0:00;1;PSH02;;0;55;0;F;1551000
195;2;101;23-03-2021 0:00;1;CHH02;;0;60;0;F;1557000
84;4;20;01-03-2021 0:00;1;AC103;;0;0;1000;E;1570000
147;2;6;05-01-2021 0:00;1;PAH02;;0;80;0;F;1636000
10000022;3;2;03-02-2011 0:00;1;ACC02;;2;2;0;F;1660902
63;3;104;21-01-2021 0:00;1;CAM01;;0;0;150;E;1665000
46;2;12233966;18-02-2011 0:00;1;ACC02;;0;2;0;F;1671480
36;2;10;27-01-2011 0:00;1;ACC02;;2;0;0;S;1677906
10000007;1;60004;02-02-2011 0:00;1;ACC02;;2;2;0;F;1688976
46;11;20;28-02-2011 0:00;1;MPA03;;0;0;250;E;1700000
276;1;3;10-10-2020 0:00;1;CAH01;;0;200;0;F;1712000
1;6;1;02-01-2011 0:00;1;ACU01;;0;0;5;E;1720000
268;3;104;10-05-2020 0:00;1;PAH01;;0;100;0;F;1749000
270;2;105;12-07-2020 0:00;1;PAH01;;0;100;0;F;1749000
277;1;5;20-10-2020 0:00;1;PAH01;;0;100;0;F;1749000
284;2;6;09-12-2020 0:00;1;PAH01;;0;100;0;F;1749000
285;2;2;30-04-2021 0:00;1;BUI02;;0;140;0;F;1750000
26;3;89277000;22-01-2011 0:00;1;ACU01;;1;5;0;F;1757300
156;2;1;15-01-2021 0:00;1;PAH02;;6;86;0;F;1758700
84;5;20;01-03-2021 0:00;1;SO004;;0;0;1000;E;1770000
266;4;101;10-04-2020 0:00;1;CHM02;;0;60;0;F;1815000
1;1;;02-01-2011 0:00;1;ACC01;;5;0;0;S;1817105
22;1;;02-01-2011 0:00;2;ACC01;;0;0;5;E;1828060
84;6;20;01-03-2021 0:00;1;SO013;;0;0;1000;E;1881000
267;3;103;04-05-2020 0:00;1;PAM01;;0;100;0;F;1932000
270;1;105;12-07-2020 0:00;1;PAM01;;0;100;0;F;1932000
274;1;4;17-09-2020 0:00;1;PAM01;;0;100;0;F;1932000
280;1;7;28-10-2020 0:00;1;PAM01;;0;100;0;F;1932000
282;3;104;25-11-2020 0:00;1;PAM01;;0;100;0;F;1932000
283;1;103;28-11-2020 0:00;1;PAM01;;0;100;0;F;1932000
284;1;6;09-12-2020 0:00;1;PAM01;;0;100;0;F;1932000
64;2;105;24-01-2021 0:00;1;CAH02;;0;0;250;E;1950000
1;3;1;02-01-2011 0:00;1;ACD01;;0;0;250;E;1962500
194;3;105;22-03-2021 0:00;1;PSH02;;0;70;0;F;1974000
63;4;104;21-01-2021 0:00;1;CAM02;;0;0;150;E;1988700
88;1;20;29-03-2021 0:00;1;OIL01;;0;0;100;E;2000000
46;1;12233966;18-02-2011 0:00;1;ACC01;;0;3;0;F;2037453
1;2;;02-01-2011 0:00;1;ACC02;;5;0;0;S;2040000
268;4;104;10-05-2020 0:00;1;PAH02;;0;100;0;F;2045000
277;2;5;20-10-2020 0:00;1;PAH02;;0;100;0;F;2045000
22;2;;02-01-2011 0:00;2;ACC02;;0;0;5;E;2047625
144;4;3;03-01-2021 0:00;1;CAM02;;8;120;0;F;2072400
233;1;5;28-03-2020 0:00;1;PSH01;;0;60;0;F;2106000
44;2;20;28-02-2011 0:00;1;MAC02;;0;0;25;E;2312000
44;1;20;28-02-2011 0:00;1;MAC01;;0;0;30;E;2328000
267;4;103;04-05-2020 0:00;1;PAM02;;0;100;0;F;2345000
274;2;4;17-09-2020 0:00;1;PAM02;;0;100;0;F;2345000
280;2;7;28-10-2020 0:00;1;PAM02;;0;100;0;F;2345000
283;2;103;28-11-2020 0:00;1;PAM02;;0;100;0;F;2345000
2;3;;02-01-2011 0:00;1;CAM01;;200;0;0;S;2349800
23;3;;02-01-2011 0:00;2;CAM01;;0;0;200;E;2349800
44;4;20;28-02-2011 0:00;1;MAO02;;0;0;15;E;2467680
44;6;20;28-02-2011 0:00;1;MAT02;;0;0;10;E;2480000
276;2;3;10-10-2020 0:00;1;CAH02;;0;200;0;F;2506000
44;5;20;28-02-2011 0:00;1;MAT01;;0;0;22;E;2552000
269;4;2;10-06-2020 0:00;1;CHH02;;0;100;0;F;2595000
83;1;100;31-03-2021 0:00;1;SUST2;;0;0;20;E;2600000
64;3;105;24-01-2021 0:00;1;CAM01;;0;0;250;E;2612500
87;1;105;10-01-2021 0:00;1;BUF02;;0;0;300;E;2730000
269;2;2;10-06-2020 0:00;1;CHM01;;0;100;0;F;2788000
44;3;20;28-02-2011 0:00;1;MAO01;;0;0;20;E;2803200
273;1;10;30-04-2021 0:00;1;PSH02;;0;100;0;F;2820000
273;2;10;30-04-2021 0:00;1;PSM02;;0;100;0;F;2820000
275;2;4;26-09-2020 0:00;1;PSH02;;0;100;0;F;2820000
278;2;6;25-10-2020 0:00;1;PSH02;;0;100;0;F;2820000
279;2;10;16-11-2020 0:00;1;PSM02;;0;100;0;F;2820000
281;2;10;10-11-2020 0:00;1;PSH02;;0;100;0;F;2820000
2;4;;02-01-2011 0:00;1;CAM02;;200;0;0;S;2958000
23;4;;02-01-2011 0:00;2;CAM02;;0;0;200;E;2958000
269;3;2;10-06-2020 0:00;1;CHM02;;0;100;0;F;3025000
8;4;20;06-01-2011 0:00;1;MPLM0;;0;0;250;E;3115000
8;5;20;06-01-2011 0:00;1;MPLM1;;0;0;250;E;3308750
87;2;105;10-01-2021 0:00;1;BUF03;;0;0;400;E;3360000
2;2;20;02-01-2011 0:00;1;CAH02;;0;0;350;E;3370500
53;1;12233966;22-02-2011 0:00;1;ACC01;;0;5;0;F;3399505
26;1;89277000;22-01-2011 0:00;1;ACC01;;2;5;0;F;3425740
10000007;2;60004;02-02-2011 0:00;1;ACC01;;5;5;0;F;3431300
75;1;20;24-09-2020 0:00;1;MPBC0;;0;0;1000;E;3500000
77;2;100;15-03-2021 0:00;1;ACM01;;0;0;50;E;3500000
272;2;1;15-08-2020 0:00;1;PSH01;;0;100;0;F;3510000
272;1;1;15-08-2020 0:00;1;PSM01;;0;100;0;F;3510000
275;1;4;26-09-2020 0:00;1;PSH01;;0;100;0;F;3510000
278;1;6;25-10-2020 0:00;1;PSH01;;0;100;0;F;3510000
279;1;10;16-11-2020 0:00;1;PSM01;;0;100;0;F;3510000
281;1;10;10-11-2020 0:00;1;PSH01;;0;100;0;F;3510000
8;7;20;06-01-2011 0:00;1;MPLM3;;0;0;250;E;3654500
8;6;20;06-01-2011 0:00;1;MPLM2;;0;0;250;E;3722500
84;17;20;01-03-2021 0:00;1;GS023;;0;0;1000;E;3794000
84;9;20;01-03-2021 0:00;1;AM003;;0;0;1000;E;3846000
96;1;50001;30-04-2021 0:00;1;AC004;;0;0;5999;E;4019330
3;2;;03-01-2011 0:00;1;CHH02;;200;0;0;S;4087400
24;2;;03-01-2011 0:00;2;CHH02;;0;0;200;E;4087400
37;2;20;27-02-2011 0:00;2;PAH02;;0;0;350;E;4200000
75;2;20;24-09-2020 0:00;1;MPI01;;0;0;1000;E;4200000
86;1;10;05-01-2021 0:00;1;BUF01;;0;0;500;E;4250000
75;3;20;24-09-2020 0:00;1;MPTA0;;0;0;1000;E;4350000
3;1;80002000;03-01-2011 0:00;1;CHH01;;0;0;500;E;4360000
2;3;20;02-01-2011 0:00;1;CAM01;;0;0;400;E;4712000
36;1;20;27-02-2011 0:00;1;PAH01;;0;0;540;E;5508000
3;3;;03-01-2011 0:00;1;CHM01;;250;0;0;S;5517250
24;3;;03-01-2011 0:00;2;CHM01;;0;0;250;E;5517250
36;2;20;27-02-2011 0:00;1;PAH02;;0;0;489;E;5623500
84;8;20;01-03-2021 0:00;1;ME085;;0;0;1000;E;5687000
37;4;20;27-02-2011 0:00;2;PAM02;;0;0;520;E;5824000
3;4;;03-01-2011 0:00;1;CHM02;;250;0;0;S;5849000
24;4;;03-01-2011 0:00;2;CHM02;;0;0;250;E;5849000
26;2;89277000;22-01-2011 0:00;1;ACC02;;4;8;0;F;6744960
36;4;20;27-02-2011 0:00;1;PAM02;;0;0;600;E;6840000
37;1;20;27-02-2011 0:00;2;PAH01;;0;0;650;E;6942000
84;19;20;01-03-2021 0:00;1;MC020;;0;0;1000;E;7412000
2;4;20;02-01-2011 0:00;1;CAM02;;0;0;500;E;7420000
37;3;20;27-02-2011 0:00;2;PAM01;;0;0;580;E;8236000
84;7;20;01-03-2021 0:00;1;DIS12;;0;0;1000;E;8543000
234;1;1;03-04-2021 0:00;1;CAH01;;0;1000;0;F;8560000
84;14;20;01-03-2021 0:00;1;MM005;;0;0;1000;E;9770000
36;3;20;27-02-2011 0:00;1;PAM01;;0;0;750;E;10875000
3;2;80002000;03-01-2011 0:00;1;CHH02;;0;0;600;E;12270000
3;3;80002000;03-01-2011 0:00;1;CHM01;;0;0;650;E;14365000
3;4;80002000;03-01-2011 0:00;1;CHM02;;0;0;650;E;15210000
1;1;1;02-01-2011 0:00;1;ACC01;;0;0;45;E;16515000
84;1;20;01-03-2021 0:00;1;BOGA1;;0;0;1000;E;17073000
1;2;1;02-01-2011 0:00;1;ACC02;;0;0;55;E;22550000
10000006;1;1;01-02-2011 0:00;1;ACC01;;0;0;100;E;36500000
8;2;12233966;07-01-2011 0:00;1;ACD01;;6;0;0;S;43739616
42;3;96511570;17-02-2011 0:00;2;ACT01;;0;10;0;F;55929673
49;3;96511570;08-02-2011 0:00;2;ACT01;;10;0;0;S;55929673
84;10;20;01-03-2021 0:00;1;MP008;;0;0;1000;E;64000000
8;3;12233966;07-01-2011 0:00;1;ACT01;;11;0;0;S;64103776
38;3;78200300;16-02-2011 0:00;2;ACD02;;0;10;0;F;88768722
45;3;78200300;07-02-2011 0:00;2;ACD02;;10;0;0;S;88768722
33;2;12233966;14-02-2011 0:00;2;ACD01;;0;15;0;F;110893575
40;2;12233966;04-02-2011 0:00;2;ACD01;;15;0;0;S;110893575
48;3;12233966;09-02-2011 0:00;1;ACT01;;5;5;0;F;277966846
38;2;78200300;16-02-2011 0:00;2;ACD01;;0;5;0;F;345325722
45;2;78200300;07-02-2011 0:00;2;ACD01;;5;0;0;S;345325722
8;4;12233966;07-01-2011 0:00;1;ACU01;;1;0;0;S;347127688
41;3;93441000;17-02-2011 0:00;2;ACT01;;0;10;0;F;629944738
48;3;93441000;08-02-2011 0:00;2;ACT01;;10;0;0;S;629944738
7;1;78200300;12-01-2011 0:00;2;ACC01;;0;1;0;F;677326845
14;1;78200300;08-01-2011 0:00;2;ACC01;;1;0;0;S;677326845
11;1;79020000;14-01-2011 0:00;2;ACC02;;0;1;0;F;831188718
15;1;79020000;09-01-2011 0:00;2;ACC02;;1;0;0;S;831188718
50;4;4;10-02-2011 0:00;1;CAM02;;6;6;0;F;1108734
60;1;;05-02-2011 0:00;1;MPBC0;;12;0;0;S;111444
81;1;;05-12-2020 0:00;1;MPBC0;;12;0;0;S;111444
34;4;2;14-02-2011 0:00;2;CAM02;;0;7;0;F;1148455
43;4;2;07-02-2011 0:00;2;CAM02;;7;0;0;S;1148455
13;1;12233966;16-01-2011 0:00;1;ACC01;;0;1;0;F;135340424
21;1;12233966;10-01-2011 0:00;1;ACC01;;1;0;0;S;135340424
35;4;6;14-02-2011 0:00;2;MPBC3;;0;25;0;F;135375
41;4;6;04-02-2011 0:00;2;MPBC3;;25;0;0;S;135375
36;4;8;14-02-2011 0:00;2;MPEFP;;0;25;0;F;140125
42;4;8;04-02-2011 0:00;2;MPEFP;;25;0;0;S;140125
10000002;1;90635000;02-02-2011 0:00;1;CHH02;;5;5;0;B;1492125
10000017;3;;03-02-2011 0:00;1;CHH02;;5;5;0;B;1492125
121;2;;28-03-2021 0:00;1;MPTK0;;25;0;0;S;15056825
117;1;;25-03-2021 0:00;1;MPBC0;;10;0;0;S;161663
74;1;;06-03-2021 0:00;2;MP201;;0;0;7;E;1673546
43;2;2;18-02-2011 0:00;2;CAH02;;0;15;0;F;1785525
50;2;2;08-02-2011 0:00;2;CAH02;;15;0;0;S;1785525
74;2;;06-03-2021 0:00;2;MP202;;0;0;6;E;1822512
59;2;;21-02-2011 0:00;1;MPI01;;0.1;0;0;S;1911
83;2;;08-12-2020 0:00;1;MPI01;;0.1;0;0;S;1911
60;2;;05-02-2011 0:00;1;MPI01;;1;0;0;S;191104
81;2;;05-12-2020 0:00;1;MPI01;;1;0;0;S;191104
35;6;6;14-02-2011 0:00;2;MPBM0;;0;25;0;F;211375
41;6;6;04-02-2011 0:00;2;MPBM0;;25;0;0;S;211375
37;1;4;16-02-2011 0:00;2;CHH01;;0;15;0;F;2165145
44;1;4;07-02-2011 0:00;2;CHH01;;15;0;0;S;2165145
86;2;;15-01-2021 0:00;1;MPBC0;;24;0;0;S;222888
36;3;8;14-02-2011 0:00;2;MPECP;;0;5;0;F;22325
42;3;8;04-02-2011 0:00;2;MPECP;;5;0;0;S;22325
82;2;;07-12-2020 0:00;1;MPTA0;;1;0;0;S;223765
43;4;2;18-02-2011 0:00;2;CAM02;;0;15;0;F;2460975
50;4;2;08-02-2011 0:00;2;CAM02;;15;0;0;S;2460975
81;1;;30-03-2021 0:00;1;PAH01;;0;0;12;E;2502396
50;2;4;10-02-2011 0:00;1;CAH02;;2;2;0;F;268142
60;3;;05-02-2011 0:00;1;MPTA0;;12;0;0;S;268518
81;3;;05-12-2020 0:00;1;MPTA0;;12;0;0;S;268518
121;1;;28-03-2021 0:00;1;MPA03;;40;0;0;S;2720172
45;1;8;18-02-2011 0:00;2;MPBC0;;0;20;0;F;296875
52;1;8;10-02-2011 0:00;2;MPBC0;;20;0;0;S;296875
123;3;;28-03-2021 0:00;1;MPI02;;1.2;0;0;S;299497
45;2;8;18-02-2011 0:00;2;MPBC1;;0;15;0;F;32775
52;2;8;10-02-2011 0:00;2;MPBC1;;15;0;0;S;32775
37;3;4;16-02-2011 0:00;2;CHM01;;0;12;0;F;3579792
44;3;4;07-02-2011 0:00;2;CHM01;;12;0;0;S;3579792
11;2;79020000;14-01-2011 0:00;2;ACD01;;0;5;0;F;3638238
15;2;79020000;09-01-2011 0:00;2;ACD01;;5;0;0;S;3638238
117;3;;25-03-2021 0:00;1;MPI01;;10;0;0;S;375712
117;4;;25-03-2021 0:00;1;MPTA0;;10;0;0;S;394706
86;1;;15-01-2021 0:00;1;MP101;;2;0;0;S;400572
36;8;8;14-02-2011 0:00;2;MPLA0;;0;5;0;F;401375
42;8;8;04-02-2011 0:00;2;MPLA0;;5;0;0;S;401375
62;3;;22-01-2021 0:00;2;BUI03;;0;0;6;E;4417872
59;3;;21-02-2011 0:00;1;MPTA0;;2;0;0;S;44753
83;3;;08-12-2020 0:00;1;MPTA0;;2;0;0;S;44753
122;2;;28-03-2021 0:00;1;MPCP1;;12;0;0;S;474768
62;1;;22-01-2021 0:00;2;BUI01;;0;0;6;E;4885908
122;1;;28-03-2021 0:00;1;MPBG0;;24;0;0;S;501576
86;6;;15-01-2021 0:00;1;MPTA0;;24;0;0;S;537036
50;1;4;10-02-2011 0:00;1;CAH01;;6;6;0;F;549552
7;2;78200300;12-01-2011 0:00;2;ACT01;;0;10;0;F;5832996
14;2;78200300;08-01-2011 0:00;2;ACT01;;10;0;0;S;5832996
33;3;12233966;14-02-2011 0:00;2;ACT01;;0;10;0;F;590993
40;3;12233966;04-02-2011 0:00;2;ACT01;;10;0;0;S;590993
62;2;;22-01-2021 0:00;2;BUI02;;0;0;6;E;6000642
123;1;;28-03-2021 0:00;1;MPBM0;;120;0;0;S;616188
49;5;2;09-02-2011 0:00;1;CHH01;;5;5;0;F;640775
82;1;;07-12-2020 0:00;1;CAH01;;1;0;0;S;648034
123;2;;28-03-2021 0:00;1;MPCK0;;12;0;0;S;656184
8;1;12233966;07-01-2011 0:00;1;ACC01;;1;0;0;S;67670212
39;3;89277000;16-02-2011 0:00;2;MPLM0;;0;5;0;F;707275
46;3;89277000;07-02-2011 0:00;2;MPLM0;;5;0;0;S;707275
13;2;12233966;16-01-2011 0:00;1;ACD01;;0;4;0;F;7289936
21;2;12233966;10-01-2011 0:00;1;ACD01;;4;0;0;S;7289936
49;6;2;09-02-2011 0:00;1;CHH02;;3;3;0;F;739575
39;4;89277000;16-02-2011 0:00;2;MPLM1;;0;5;0;F;746225
46;4;89277000;07-02-2011 0:00;2;MPLM1;;5;0;0;S;746225
39;5;89277000;16-02-2011 0:00;2;MPLM2;;0;5;0;F;779475
46;5;89277000;07-02-2011 0:00;2;MPLM2;;5;0;0;S;779475
39;6;89277000;16-02-2011 0:00;2;MPLM3;;0;5;0;F;807025
46;6;89277000;07-02-2011 0:00;2;MPLM3;;5;0;0;S;807025
49;4;2;09-02-2011 0:00;1;CAM02;;5;5;0;F;820325
36;6;8;14-02-2011 0:00;2;MPI03;;0;5;0;F;85025
42;6;8;04-02-2011 0:00;2;MPI03;;5;0;0;S;85025
13;3;12233966;16-01-2011 0:00;1;ACT01;;0;4;0;F;8741424
21;3;12233966;10-01-2011 0:00;1;ACT01;;4;0;0;S;8741424
10000028;3;2;02-11-2020 0:00;1;CHH02;;3;3;0;F;895275
10000037;2;6;22-03-2021 0:00;1;CHH02;;3;3;0;F;895275
59;1;;21-02-2011 0:00;1;MPBC0;;1;0;0;S;9287
83;1;;08-12-2020 0:00;1;MPBC0;;1;0;0;S;9287
36;7;8;14-02-2011 0:00;2;MPI04;;0;3;0;F;92625
42;7;8;04-02-2011 0:00;2;MPI04;;3;0;0;S;92625
132;1;;30-04-2021 0:00;1;ACD02;6;120;0;0;S;9978048
